Workbook

Sheet regiao_painel
A1: região | B1: casas | C1: % das casas | D1: nota média (mediana) | E1: avaliações no Google (mediana) | F1: horas abertas por semana (média) | G1: fechamento mais tarde (mediana, h) | H1: abre domingo (%) | I1: abre segunda (%) | J1: metrô até 1000 m (%) | K1: seguidores (mediana) | L1: posts no período (média) | M1: interações por post (mediana) | N1: com cardápio (casas) | O1: cesta mediana (mediana, R$) | P1: cesta mediana (mín., R$) | Q1: cesta mediana (máx., R$) | R1: avaliações no B2 (soma)
A2: Norte | B2: =COUNTIF(dados!$D$2:$D$55,A2) | C2: =B2/COUNTA(dados!$A$2:$A$55) | D2: {=IFERROR(MEDIAN(IF((dados!$D$2:$D$55=$A2)*(dados!$E$2:$E$55<>""),dados!$E$2:$E$55)),"")} | E2: {=IFERROR(MEDIAN(IF((dados!$D$2:$D$55=$A2)*(dados!$F$2:$F$55<>""),dados!$F$2:$F$55)),"")} | F2: =IFERROR(AVERAGEIFS(dados!$H$2:$H$55,dados!$D$2:$D$55,$A2),"") | G2: {=IFERROR(MEDIAN(IF((dados!$D$2:$D$55=$A2)*(dados!$J$2:$J$55<>""),dados!$J$2:$J$55)),"")} | H2: =IFERROR(AVERAGEIFS(dados!$AW$2:$AW$55,dados!$D$2:$D$55,$A2),"") | I2: =IFERROR(AVERAGEIFS(dados!$AQ$2:$AQ$55,dados!$D$2:$D$55,$A2),"") | J2: =IFERROR(AVERAGEIFS(dados!$AN$2:$AN$55,dados!$D$2:$D$55,$A2),"") | K2: {=IFERROR(MEDIAN(IF((dados!$D$2:$D$55=$A2)*(dados!$Q$2:$Q$55<>""),dados!$Q$2:$Q$55)),"")} | L2: =IFERROR(AVERAGEIFS(dados!$T$2:$T$55,dados!$D$2:$D$55,$A2),"") | M2: {=IFERROR(MEDIAN(IF((dados!$D$2:$D$55=$A2)*(dados!$W$2:$W$55<>""),dados!$W$2:$W$55)),"")} | N2: =SUMIF(dados!$D$2:$D$55,$A2,dados!$AO$2:$AO$55) | O2: {=IFERROR(MEDIAN(IF((dados!$D$2:$D$55=$A2)*(dados!$AD$2:$AD$55<>""),dados!$AD$2:$AD$55)),"")} | P2: =IF(COUNTIFS(dados!$D$2:$D$55,$A2,dados!$AD$2:$AD$55,"<>")=0,"",_xlfn.MINIFS(dados!$AD$2:$AD$55,dados!$D$2:$D$55,$A2)) | Q2: =IF(COUNTIFS(dados!$D$2:$D$55,$A2,dados!$AD$2:$AD$55,"<>")=0,"",_xlfn.MAXIFS(dados!$AD$2:$AD$55,dados!$D$2:$D$55,$A2)) | R2: =SUMIF(dados!$D$2:$D$55,$A2,dados!$AL$2:$AL$55)
A3: Nordeste | B3: =COUNTIF(dados!$D$2:$D$55,A3) | C3: =B3/COUNTA(dados!$A$2:$A$55) | D3: {=IFERROR(MEDIAN(IF((dados!$D$2:$D$55=$A3)*(dados!$E$2:$E$55<>""),dados!$E$2:$E$55)),"")} | E3: {=IFERROR(MEDIAN(IF((dados!$D$2:$D$55=$A3)*(dados!$F$2:$F$55<>""),dados!$F$2:$F$55)),"")} | F3: =IFERROR(AVERAGEIFS(dados!$H$2:$H$55,dados!$D$2:$D$55,$A3),"") | G3: {=IFERROR(MEDIAN(IF((dados!$D$2:$D$55=$A3)*(dados!$J$2:$J$55<>""),dados!$J$2:$J$55)),"")} | H3: =IFERROR(AVERAGEIFS(dados!$AW$2:$AW$55,dados!$D$2:$D$55,$A3),"") | I3: =IFERROR(AVERAGEIFS(dados!$AQ$2:$AQ$55,dados!$D$2:$D$55,$A3),"") | J3: =IFERROR(AVERAGEIFS(dados!$AN$2:$AN$55,dados!$D$2:$D$55,$A3),"") | K3: {=IFERROR(MEDIAN(IF((dados!$D$2:$D$55=$A3)*(dados!$Q$2:$Q$55<>""),dados!$Q$2:$Q$55)),"")} | L3: =IFERROR(AVERAGEIFS(dados!$T$2:$T$55,dados!$D$2:$D$55,$A3),"") | M3: {=IFERROR(MEDIAN(IF((dados!$D$2:$D$55=$A3)*(dados!$W$2:$W$55<>""),dados!$W$2:$W$55)),"")} | N3: =SUMIF(dados!$D$2:$D$55,$A3,dados!$AO$2:$AO$55) | O3: {=IFERROR(MEDIAN(IF((dados!$D$2:$D$55=$A3)*(dados!$AD$2:$AD$55<>""),dados!$AD$2:$AD$55)),"")} | P3: =IF(COUNTIFS(dados!$D$2:$D$55,$A3,dados!$AD$2:$AD$55,"<>")=0,"",_xlfn.MINIFS(dados!$AD$2:$AD$55,dados!$D$2:$D$55,$A3)) | Q3: =IF(COUNTIFS(dados!$D$2:$D$55,$A3,dados!$AD$2:$AD$55,"<>")=0,"",_xlfn.MAXIFS(dados!$AD$2:$AD$55,dados!$D$2:$D$55,$A3)) | R3: =SUMIF(dados!$D$2:$D$55,$A3,dados!$AL$2:$AL$55)
A4: Centro-Oeste | B4: =COUNTIF(dados!$D$2:$D$55,A4) | C4: =B4/COUNTA(dados!$A$2:$A$55) | D4: {=IFERROR(MEDIAN(IF((dados!$D$2:$D$55=$A4)*(dados!$E$2:$E$55<>""),dados!$E$2:$E$55)),"")} | E4: {=IFERROR(MEDIAN(IF((dados!$D$2:$D$55=$A4)*(dados!$F$2:$F$55<>""),dados!$F$2:$F$55)),"")} | F4: =IFERROR(AVERAGEIFS(dados!$H$2:$H$55,dados!$D$2:$D$55,$A4),"") | G4: {=IFERROR(MEDIAN(IF((dados!$D$2:$D$55=$A4)*(dados!$J$2:$J$55<>""),dados!$J$2:$J$55)),"")} | H4: =IFERROR(AVERAGEIFS(dados!$AW$2:$AW$55,dados!$D$2:$D$55,$A4),"") | I4: =IFERROR(AVERAGEIFS(dados!$AQ$2:$AQ$55,dados!$D$2:$D$55,$A4),"") | J4: =IFERROR(AVERAGEIFS(dados!$AN$2:$AN$55,dados!$D$2:$D$55,$A4),"") | K4: {=IFERROR(MEDIAN(IF((dados!$D$2:$D$55=$A4)*(dados!$Q$2:$Q$55<>""),dados!$Q$2:$Q$55)),"")} | L4: =IFERROR(AVERAGEIFS(dados!$T$2:$T$55,dados!$D$2:$D$55,$A4),"") | M4: {=IFERROR(MEDIAN(IF((dados!$D$2:$D$55=$A4)*(dados!$W$2:$W$55<>""),dados!$W$2:$W$55)),"")} | N4: =SUMIF(dados!$D$2:$D$55,$A4,dados!$AO$2:$AO$55) | O4: {=IFERROR(MEDIAN(IF((dados!$D$2:$D$55=$A4)*(dados!$AD$2:$AD$55<>""),dados!$AD$2:$AD$55)),"")} | P4: =IF(COUNTIFS(dados!$D$2:$D$55,$A4,dados!$AD$2:$AD$55,"<>")=0,"",_xlfn.MINIFS(dados!$AD$2:$AD$55,dados!$D$2:$D$55,$A4)) | Q4: =IF(COUNTIFS(dados!$D$2:$D$55,$A4,dados!$AD$2:$AD$55,"<>")=0,"",_xlfn.MAXIFS(dados!$AD$2:$AD$55,dados!$D$2:$D$55,$A4)) | R4: =SUMIF(dados!$D$2:$D$55,$A4,dados!$AL$2:$AL$55)
A5: Sudeste | B5: =COUNTIF(dados!$D$2:$D$55,A5) | C5: =B5/COUNTA(dados!$A$2:$A$55) | D5: {=IFERROR(MEDIAN(IF((dados!$D$2:$D$55=$A5)*(dados!$E$2:$E$55<>""),dados!$E$2:$E$55)),"")} | E5: {=IFERROR(MEDIAN(IF((dados!$D$2:$D$55=$A5)*(dados!$F$2:$F$55<>""),dados!$F$2:$F$55)),"")} | F5: =IFERROR(AVERAGEIFS(dados!$H$2:$H$55,dados!$D$2:$D$55,$A5),"") | G5: {=IFERROR(MEDIAN(IF((dados!$D$2:$D$55=$A5)*(dados!$J$2:$J$55<>""),dados!$J$2:$J$55)),"")} | H5: =IFERROR(AVERAGEIFS(dados!$AW$2:$AW$55,dados!$D$2:$D$55,$A5),"") | I5: =IFERROR(AVERAGEIFS(dados!$AQ$2:$AQ$55,dados!$D$2:$D$55,$A5),"") | J5: =IFERROR(AVERAGEIFS(dados!$AN$2:$AN$55,dados!$D$2:$D$55,$A5),"") | K5: {=IFERROR(MEDIAN(IF((dados!$D$2:$D$55=$A5)*(dados!$Q$2:$Q$55<>""),dados!$Q$2:$Q$55)),"")} | L5: =IFERROR(AVERAGEIFS(dados!$T$2:$T$55,dados!$D$2:$D$55,$A5),"") | M5: {=IFERROR(MEDIAN(IF((dados!$D$2:$D$55=$A5)*(dados!$W$2:$W$55<>""),dados!$W$2:$W$55)),"")} | N5: =SUMIF(dados!$D$2:$D$55,$A5,dados!$AO$2:$AO$55) | O5: {=IFERROR(MEDIAN(IF((dados!$D$2:$D$55=$A5)*(dados!$AD$2:$AD$55<>""),dados!$AD$2:$AD$55)),"")} | P5: =IF(COUNTIFS(dados!$D$2:$D$55,$A5,dados!$AD$2:$AD$55,"<>")=0,"",_xlfn.MINIFS(dados!$AD$2:$AD$55,dados!$D$2:$D$55,$A5)) | Q5: =IF(COUNTIFS(dados!$D$2:$D$55,$A5,dados!$AD$2:$AD$55,"<>")=0,"",_xlfn.MAXIFS(dados!$AD$2:$AD$55,dados!$D$2:$D$55,$A5)) | R5: =SUMIF(dados!$D$2:$D$55,$A5,dados!$AL$2:$AL$55)
A6: Sul | B6: =COUNTIF(dados!$D$2:$D$55,A6) | C6: =B6/COUNTA(dados!$A$2:$A$55) | D6: {=IFERROR(MEDIAN(IF((dados!$D$2:$D$55=$A6)*(dados!$E$2:$E$55<>""),dados!$E$2:$E$55)),"")} | E6: {=IFERROR(MEDIAN(IF((dados!$D$2:$D$55=$A6)*(dados!$F$2:$F$55<>""),dados!$F$2:$F$55)),"")} | F6: =IFERROR(AVERAGEIFS(dados!$H$2:$H$55,dados!$D$2:$D$55,$A6),"") | G6: {=IFERROR(MEDIAN(IF((dados!$D$2:$D$55=$A6)*(dados!$J$2:$J$55<>""),dados!$J$2:$J$55)),"")} | H6: =IFERROR(AVERAGEIFS(dados!$AW$2:$AW$55,dados!$D$2:$D$55,$A6),"") | I6: =IFERROR(AVERAGEIFS(dados!$AQ$2:$AQ$55,dados!$D$2:$D$55,$A6),"") | J6: =IFERROR(AVERAGEIFS(dados!$AN$2:$AN$55,dados!$D$2:$D$55,$A6),"") | K6: {=IFERROR(MEDIAN(IF((dados!$D$2:$D$55=$A6)*(dados!$Q$2:$Q$55<>""),dados!$Q$2:$Q$55)),"")} | L6: =IFERROR(AVERAGEIFS(dados!$T$2:$T$55,dados!$D$2:$D$55,$A6),"") | M6: {=IFERROR(MEDIAN(IF((dados!$D$2:$D$55=$A6)*(dados!$W$2:$W$55<>""),dados!$W$2:$W$55)),"")} | N6: =SUMIF(dados!$D$2:$D$55,$A6,dados!$AO$2:$AO$55) | O6: {=IFERROR(MEDIAN(IF((dados!$D$2:$D$55=$A6)*(dados!$AD$2:$AD$55<>""),dados!$AD$2:$AD$55)),"")} | P6: =IF(COUNTIFS(dados!$D$2:$D$55,$A6,dados!$AD$2:$AD$55,"<>")=0,"",_xlfn.MINIFS(dados!$AD$2:$AD$55,dados!$D$2:$D$55,$A6)) | Q6: =IF(COUNTIFS(dados!$D$2:$D$55,$A6,dados!$AD$2:$AD$55,"<>")=0,"",_xlfn.MAXIFS(dados!$AD$2:$AD$55,dados!$D$2:$D$55,$A6)) | R6: =SUMIF(dados!$D$2:$D$55,$A6,dados!$AL$2:$AL$55)
A7: Total | B7: =SUM(B2:B6) | C7: =SUM(C2:C6)
A8: Conferência (total − casas da aba dados; deve ser 0) | B8: =B7-COUNTA(dados!$A$2:$A$55)

Sheet metropole_painel
A1: metrópole | B1: região | C1: casas | D1: % das casas | E1: nota média (mediana) | F1: avaliações no Google (mediana) | G1: horas abertas por semana (média) | H1: fechamento mais tarde (mediana, h) | I1: abre domingo (%) | J1: abre segunda (%) | K1: metrô até 1000 m (%) | L1: seguidores (mediana) | M1: posts no período (média) | N1: interações por post (mediana) | O1: com cardápio (casas) | P1: cesta mediana (mediana, R$) | Q1: cesta mediana (mín., R$) | R1: cesta mediana (máx., R$) | S1: avaliações no B2 (soma)
A2: Belo Horizonte | B2: Sudeste | C2: =COUNTIF(dados!$C$2:$C$55,A2) | D2: =C2/COUNTA(dados!$A$2:$A$55) | E2: {=IFERROR(MEDIAN(IF((dados!$C$2:$C$55=$A2)*(dados!$E$2:$E$55<>""),dados!$E$2:$E$55)),"")} | F2: {=IFERROR(MEDIAN(IF((dados!$C$2:$C$55=$A2)*(dados!$F$2:$F$55<>""),dados!$F$2:$F$55)),"")} | G2: =IFERROR(AVERAGEIFS(dados!$H$2:$H$55,dados!$C$2:$C$55,$A2),"") | H2: {=IFERROR(MEDIAN(IF((dados!$C$2:$C$55=$A2)*(dados!$J$2:$J$55<>""),dados!$J$2:$J$55)),"")} | I2: =IFERROR(AVERAGEIFS(dados!$AW$2:$AW$55,dados!$C$2:$C$55,$A2),"") | J2: =IFERROR(AVERAGEIFS(dados!$AQ$2:$AQ$55,dados!$C$2:$C$55,$A2),"") | K2: =IFERROR(AVERAGEIFS(dados!$AN$2:$AN$55,dados!$C$2:$C$55,$A2),"") | L2: {=IFERROR(MEDIAN(IF((dados!$C$2:$C$55=$A2)*(dados!$Q$2:$Q$55<>""),dados!$Q$2:$Q$55)),"")} | M2: =IFERROR(AVERAGEIFS(dados!$T$2:$T$55,dados!$C$2:$C$55,$A2),"") | N2: {=IFERROR(MEDIAN(IF((dados!$C$2:$C$55=$A2)*(dados!$W$2:$W$55<>""),dados!$W$2:$W$55)),"")} | O2: =SUMIF(dados!$C$2:$C$55,$A2,dados!$AO$2:$AO$55) | P2: {=IFERROR(MEDIAN(IF((dados!$C$2:$C$55=$A2)*(dados!$AD$2:$AD$55<>""),dados!$AD$2:$AD$55)),"")} | Q2: =IF(COUNTIFS(dados!$C$2:$C$55,$A2,dados!$AD$2:$AD$55,"<>")=0,"",_xlfn.MINIFS(dados!$AD$2:$AD$55,dados!$C$2:$C$55,$A2)) | R2: =IF(COUNTIFS(dados!$C$2:$C$55,$A2,dados!$AD$2:$AD$55,"<>")=0,"",_xlfn.MAXIFS(dados!$AD$2:$AD$55,dados!$C$2:$C$55,$A2)) | S2: =SUMIF(dados!$C$2:$C$55,$A2,dados!$AL$2:$AL$55)
A3: Belém | B3: Norte | C3: =COUNTIF(dados!$C$2:$C$55,A3) | D3: =C3/COUNTA(dados!$A$2:$A$55) | E3: {=IFERROR(MEDIAN(IF((dados!$C$2:$C$55=$A3)*(dados!$E$2:$E$55<>""),dados!$E$2:$E$55)),"")} | F3: {=IFERROR(MEDIAN(IF((dados!$C$2:$C$55=$A3)*(dados!$F$2:$F$55<>""),dados!$F$2:$F$55)),"")} | G3: =IFERROR(AVERAGEIFS(dados!$H$2:$H$55,dados!$C$2:$C$55,$A3),"") | H3: {=IFERROR(MEDIAN(IF((dados!$C$2:$C$55=$A3)*(dados!$J$2:$J$55<>""),dados!$J$2:$J$55)),"")} | I3: =IFERROR(AVERAGEIFS(dados!$AW$2:$AW$55,dados!$C$2:$C$55,$A3),"") | J3: =IFERROR(AVERAGEIFS(dados!$AQ$2:$AQ$55,dados!$C$2:$C$55,$A3),"") | K3: =IFERROR(AVERAGEIFS(dados!$AN$2:$AN$55,dados!$C$2:$C$55,$A3),"") | L3: {=IFERROR(MEDIAN(IF((dados!$C$2:$C$55=$A3)*(dados!$Q$2:$Q$55<>""),dados!$Q$2:$Q$55)),"")} | M3: =IFERROR(AVERAGEIFS(dados!$T$2:$T$55,dados!$C$2:$C$55,$A3),"") | N3: {=IFERROR(MEDIAN(IF((dados!$C$2:$C$55=$A3)*(dados!$W$2:$W$55<>""),dados!$W$2:$W$55)),"")} | O3: =SUMIF(dados!$C$2:$C$55,$A3,dados!$AO$2:$AO$55) | P3: {=IFERROR(MEDIAN(IF((dados!$C$2:$C$55=$A3)*(dados!$AD$2:$AD$55<>""),dados!$AD$2:$AD$55)),"")} | Q3: =IF(COUNTIFS(dados!$C$2:$C$55,$A3,dados!$AD$2:$AD$55,"<>")=0,"",_xlfn.MINIFS(dados!$AD$2:$AD$55,dados!$C$2:$C$55,$A3)) | R3: =IF(COUNTIFS(dados!$C$2:$C$55,$A3,dados!$AD$2:$AD$55,"<>")=0,"",_xlfn.MAXIFS(dados!$AD$2:$AD$55,dados!$C$2:$C$55,$A3)) | S3: =SUMIF(dados!$C$2:$C$55,$A3,dados!$AL$2:$AL$55)
A4: Brasília | B4: Centro-Oeste | C4: =COUNTIF(dados!$C$2:$C$55,A4) | D4: =C4/COUNTA(dados!$A$2:$A$55) | E4: {=IFERROR(MEDIAN(IF((dados!$C$2:$C$55=$A4)*(dados!$E$2:$E$55<>""),dados!$E$2:$E$55)),"")} | F4: {=IFERROR(MEDIAN(IF((dados!$C$2:$C$55=$A4)*(dados!$F$2:$F$55<>""),dados!$F$2:$F$55)),"")} | G4: =IFERROR(AVERAGEIFS(dados!$H$2:$H$55,dados!$C$2:$C$55,$A4),"") | H4: {=IFERROR(MEDIAN(IF((dados!$C$2:$C$55=$A4)*(dados!$J$2:$J$55<>""),dados!$J$2:$J$55)),"")} | I4: =IFERROR(AVERAGEIFS(dados!$AW$2:$AW$55,dados!$C$2:$C$55,$A4),"") | J4: =IFERROR(AVERAGEIFS(dados!$AQ$2:$AQ$55,dados!$C$2:$C$55,$A4),"") | K4: =IFERROR(AVERAGEIFS(dados!$AN$2:$AN$55,dados!$C$2:$C$55,$A4),"") | L4: {=IFERROR(MEDIAN(IF((dados!$C$2:$C$55=$A4)*(dados!$Q$2:$Q$55<>""),dados!$Q$2:$Q$55)),"")} | M4: =IFERROR(AVERAGEIFS(dados!$T$2:$T$55,dados!$C$2:$C$55,$A4),"") | N4: {=IFERROR(MEDIAN(IF((dados!$C$2:$C$55=$A4)*(dados!$W$2:$W$55<>""),dados!$W$2:$W$55)),"")} | O4: =SUMIF(dados!$C$2:$C$55,$A4,dados!$AO$2:$AO$55) | P4: {=IFERROR(MEDIAN(IF((dados!$C$2:$C$55=$A4)*(dados!$AD$2:$AD$55<>""),dados!$AD$2:$AD$55)),"")} | Q4: =IF(COUNTIFS(dados!$C$2:$C$55,$A4,dados!$AD$2:$AD$55,"<>")=0,"",_xlfn.MINIFS(dados!$AD$2:$AD$55,dados!$C$2:$C$55,$A4)) | R4: =IF(COUNTIFS(dados!$C$2:$C$55,$A4,dados!$AD$2:$AD$55,"<>")=0,"",_xlfn.MAXIFS(dados!$AD$2:$AD$55,dados!$C$2:$C$55,$A4)) | S4: =SUMIF(dados!$C$2:$C$55,$A4,dados!$AL$2:$AL$55)
A5: Curitiba | B5: Sul | C5: =COUNTIF(dados!$C$2:$C$55,A5) | D5: =C5/COUNTA(dados!$A$2:$A$55) | E5: {=IFERROR(MEDIAN(IF((dados!$C$2:$C$55=$A5)*(dados!$E$2:$E$55<>""),dados!$E$2:$E$55)),"")} | F5: {=IFERROR(MEDIAN(IF((dados!$C$2:$C$55=$A5)*(dados!$F$2:$F$55<>""),dados!$F$2:$F$55)),"")} | G5: =IFERROR(AVERAGEIFS(dados!$H$2:$H$55,dados!$C$2:$C$55,$A5),"") | H5: {=IFERROR(MEDIAN(IF((dados!$C$2:$C$55=$A5)*(dados!$J$2:$J$55<>""),dados!$J$2:$J$55)),"")} | I5: =IFERROR(AVERAGEIFS(dados!$AW$2:$AW$55,dados!$C$2:$C$55,$A5),"") | J5: =IFERROR(AVERAGEIFS(dados!$AQ$2:$AQ$55,dados!$C$2:$C$55,$A5),"") | K5: =IFERROR(AVERAGEIFS(dados!$AN$2:$AN$55,dados!$C$2:$C$55,$A5),"") | L5: {=IFERROR(MEDIAN(IF((dados!$C$2:$C$55=$A5)*(dados!$Q$2:$Q$55<>""),dados!$Q$2:$Q$55)),"")} | M5: =IFERROR(AVERAGEIFS(dados!$T$2:$T$55,dados!$C$2:$C$55,$A5),"") | N5: {=IFERROR(MEDIAN(IF((dados!$C$2:$C$55=$A5)*(dados!$W$2:$W$55<>""),dados!$W$2:$W$55)),"")} | O5: =SUMIF(dados!$C$2:$C$55,$A5,dados!$AO$2:$AO$55) | P5: {=IFERROR(MEDIAN(IF((dados!$C$2:$C$55=$A5)*(dados!$AD$2:$AD$55<>""),dados!$AD$2:$AD$55)),"")} | Q5: =IF(COUNTIFS(dados!$C$2:$C$55,$A5,dados!$AD$2:$AD$55,"<>")=0,"",_xlfn.MINIFS(dados!$AD$2:$AD$55,dados!$C$2:$C$55,$A5)) | R5: =IF(COUNTIFS(dados!$C$2:$C$55,$A5,dados!$AD$2:$AD$55,"<>")=0,"",_xlfn.MAXIFS(dados!$AD$2:$AD$55,dados!$C$2:$C$55,$A5)) | S5: =SUMIF(dados!$C$2:$C$55,$A5,dados!$AL$2:$AL$55)
A6: Florianópolis | B6: Sul | C6: =COUNTIF(dados!$C$2:$C$55,A6) | D6: =C6/COUNTA(dados!$A$2:$A$55) | E6: {=IFERROR(MEDIAN(IF((dados!$C$2:$C$55=$A6)*(dados!$E$2:$E$55<>""),dados!$E$2:$E$55)),"")} | F6: {=IFERROR(MEDIAN(IF((dados!$C$2:$C$55=$A6)*(dados!$F$2:$F$55<>""),dados!$F$2:$F$55)),"")} | G6: =IFERROR(AVERAGEIFS(dados!$H$2:$H$55,dados!$C$2:$C$55,$A6),"") | H6: {=IFERROR(MEDIAN(IF((dados!$C$2:$C$55=$A6)*(dados!$J$2:$J$55<>""),dados!$J$2:$J$55)),"")} | I6: =IFERROR(AVERAGEIFS(dados!$AW$2:$AW$55,dados!$C$2:$C$55,$A6),"") | J6: =IFERROR(AVERAGEIFS(dados!$AQ$2:$AQ$55,dados!$C$2:$C$55,$A6),"") | K6: =IFERROR(AVERAGEIFS(dados!$AN$2:$AN$55,dados!$C$2:$C$55,$A6),"") | L6: {=IFERROR(MEDIAN(IF((dados!$C$2:$C$55=$A6)*(dados!$Q$2:$Q$55<>""),dados!$Q$2:$Q$55)),"")} | M6: =IFERROR(AVERAGEIFS(dados!$T$2:$T$55,dados!$C$2:$C$55,$A6),"") | N6: {=IFERROR(MEDIAN(IF((dados!$C$2:$C$55=$A6)*(dados!$W$2:$W$55<>""),dados!$W$2:$W$55)),"")} | O6: =SUMIF(dados!$C$2:$C$55,$A6,dados!$AO$2:$AO$55) | P6: {=IFERROR(MEDIAN(IF((dados!$C$2:$C$55=$A6)*(dados!$AD$2:$AD$55<>""),dados!$AD$2:$AD$55)),"")} | Q6: =IF(COUNTIFS(dados!$C$2:$C$55,$A6,dados!$AD$2:$AD$55,"<>")=0,"",_xlfn.MINIFS(dados!$AD$2:$AD$55,dados!$C$2:$C$55,$A6)) | R6: =IF(COUNTIFS(dados!$C$2:$C$55,$A6,dados!$AD$2:$AD$55,"<>")=0,"",_xlfn.MAXIFS(dados!$AD$2:$AD$55,dados!$C$2:$C$55,$A6)) | S6: =SUMIF(dados!$C$2:$C$55,$A6,dados!$AL$2:$AL$55)
A7: Fortaleza | B7: Nordeste | C7: =COUNTIF(dados!$C$2:$C$55,A7) | D7: =C7/COUNTA(dados!$A$2:$A$55) | E7: {=IFERROR(MEDIAN(IF((dados!$C$2:$C$55=$A7)*(dados!$E$2:$E$55<>""),dados!$E$2:$E$55)),"")} | F7: {=IFERROR(MEDIAN(IF((dados!$C$2:$C$55=$A7)*(dados!$F$2:$F$55<>""),dados!$F$2:$F$55)),"")} | G7: =IFERROR(AVERAGEIFS(dados!$H$2:$H$55,dados!$C$2:$C$55,$A7),"") | H7: {=IFERROR(MEDIAN(IF((dados!$C$2:$C$55=$A7)*(dados!$J$2:$J$55<>""),dados!$J$2:$J$55)),"")} | I7: =IFERROR(AVERAGEIFS(dados!$AW$2:$AW$55,dados!$C$2:$C$55,$A7),"") | J7: =IFERROR(AVERAGEIFS(dados!$AQ$2:$AQ$55,dados!$C$2:$C$55,$A7),"") | K7: =IFERROR(AVERAGEIFS(dados!$AN$2:$AN$55,dados!$C$2:$C$55,$A7),"") | L7: {=IFERROR(MEDIAN(IF((dados!$C$2:$C$55=$A7)*(dados!$Q$2:$Q$55<>""),dados!$Q$2:$Q$55)),"")} | M7: =IFERROR(AVERAGEIFS(dados!$T$2:$T$55,dados!$C$2:$C$55,$A7),"") | N7: {=IFERROR(MEDIAN(IF((dados!$C$2:$C$55=$A7)*(dados!$W$2:$W$55<>""),dados!$W$2:$W$55)),"")} | O7: =SUMIF(dados!$C$2:$C$55,$A7,dados!$AO$2:$AO$55) | P7: {=IFERROR(MEDIAN(IF((dados!$C$2:$C$55=$A7)*(dados!$AD$2:$AD$55<>""),dados!$AD$2:$AD$55)),"")} | Q7: =IF(COUNTIFS(dados!$C$2:$C$55,$A7,dados!$AD$2:$AD$55,"<>")=0,"",_xlfn.MINIFS(dados!$AD$2:$AD$55,dados!$C$2:$C$55,$A7)) | R7: =IF(COUNTIFS(dados!$C$2:$C$55,$A7,dados!$AD$2:$AD$55,"<>")=0,"",_xlfn.MAXIFS(dados!$AD$2:$AD$55,dados!$C$2:$C$55,$A7)) | S7: =SUMIF(dados!$C$2:$C$55,$A7,dados!$AL$2:$AL$55)
A8: Goiânia | B8: Centro-Oeste | C8: =COUNTIF(dados!$C$2:$C$55,A8) | D8: =C8/COUNTA(dados!$A$2:$A$55) | E8: {=IFERROR(MEDIAN(IF((dados!$C$2:$C$55=$A8)*(dados!$E$2:$E$55<>""),dados!$E$2:$E$55)),"")} | F8: {=IFERROR(MEDIAN(IF((dados!$C$2:$C$55=$A8)*(dados!$F$2:$F$55<>""),dados!$F$2:$F$55)),"")} | G8: =IFERROR(AVERAGEIFS(dados!$H$2:$H$55,dados!$C$2:$C$55,$A8),"") | H8: {=IFERROR(MEDIAN(IF((dados!$C$2:$C$55=$A8)*(dados!$J$2:$J$55<>""),dados!$J$2:$J$55)),"")} | I8: =IFERROR(AVERAGEIFS(dados!$AW$2:$AW$55,dados!$C$2:$C$55,$A8),"") | J8: =IFERROR(AVERAGEIFS(dados!$AQ$2:$AQ$55,dados!$C$2:$C$55,$A8),"") | K8: =IFERROR(AVERAGEIFS(dados!$AN$2:$AN$55,dados!$C$2:$C$55,$A8),"") | L8: {=IFERROR(MEDIAN(IF((dados!$C$2:$C$55=$A8)*(dados!$Q$2:$Q$55<>""),dados!$Q$2:$Q$55)),"")} | M8: =IFERROR(AVERAGEIFS(dados!$T$2:$T$55,dados!$C$2:$C$55,$A8),"") | N8: {=IFERROR(MEDIAN(IF((dados!$C$2:$C$55=$A8)*(dados!$W$2:$W$55<>""),dados!$W$2:$W$55)),"")} | O8: =SUMIF(dados!$C$2:$C$55,$A8,dados!$AO$2:$AO$55) | P8: {=IFERROR(MEDIAN(IF((dados!$C$2:$C$55=$A8)*(dados!$AD$2:$AD$55<>""),dados!$AD$2:$AD$55)),"")} | Q8: =IF(COUNTIFS(dados!$C$2:$C$55,$A8,dados!$AD$2:$AD$55,"<>")=0,"",_xlfn.MINIFS(dados!$AD$2:$AD$55,dados!$C$2:$C$55,$A8)) | R8: =IF(COUNTIFS(dados!$C$2:$C$55,$A8,dados!$AD$2:$AD$55,"<>")=0,"",_xlfn.MAXIFS(dados!$AD$2:$AD$55,dados!$C$2:$C$55,$A8)) | S8: =SUMIF(dados!$C$2:$C$55,$A8,dados!$AL$2:$AL$55)
A9: Porto Alegre | B9: Sul | C9: =COUNTIF(dados!$C$2:$C$55,A9) | D9: =C9/COUNTA(dados!$A$2:$A$55) | E9: {=IFERROR(MEDIAN(IF((dados!$C$2:$C$55=$A9)*(dados!$E$2:$E$55<>""),dados!$E$2:$E$55)),"")} | F9: {=IFERROR(MEDIAN(IF((dados!$C$2:$C$55=$A9)*(dados!$F$2:$F$55<>""),dados!$F$2:$F$55)),"")} | G9: =IFERROR(AVERAGEIFS(dados!$H$2:$H$55,dados!$C$2:$C$55,$A9),"") | H9: {=IFERROR(MEDIAN(IF((dados!$C$2:$C$55=$A9)*(dados!$J$2:$J$55<>""),dados!$J$2:$J$55)),"")} | I9: =IFERROR(AVERAGEIFS(dados!$AW$2:$AW$55,dados!$C$2:$C$55,$A9),"") | J9: =IFERROR(AVERAGEIFS(dados!$AQ$2:$AQ$55,dados!$C$2:$C$55,$A9),"") | K9: =IFERROR(AVERAGEIFS(dados!$AN$2:$AN$55,dados!$C$2:$C$55,$A9),"") | L9: {=IFERROR(MEDIAN(IF((dados!$C$2:$C$55=$A9)*(dados!$Q$2:$Q$55<>""),dados!$Q$2:$Q$55)),"")} | M9: =IFERROR(AVERAGEIFS(dados!$T$2:$T$55,dados!$C$2:$C$55,$A9),"") | N9: {=IFERROR(MEDIAN(IF((dados!$C$2:$C$55=$A9)*(dados!$W$2:$W$55<>""),dados!$W$2:$W$55)),"")} | O9: =SUMIF(dados!$C$2:$C$55,$A9,dados!$AO$2:$AO$55) | P9: {=IFERROR(MEDIAN(IF((dados!$C$2:$C$55=$A9)*(dados!$AD$2:$AD$55<>""),dados!$AD$2:$AD$55)),"")} | Q9: =IF(COUNTIFS(dados!$C$2:$C$55,$A9,dados!$AD$2:$AD$55,"<>")=0,"",_xlfn.MINIFS(dados!$AD$2:$AD$55,dados!$C$2:$C$55,$A9)) | R9: =IF(COUNTIFS(dados!$C$2:$C$55,$A9,dados!$AD$2:$AD$55,"<>")=0,"",_xlfn.MAXIFS(dados!$AD$2:$AD$55,dados!$C$2:$C$55,$A9)) | S9: =SUMIF(dados!$C$2:$C$55,$A9,dados!$AL$2:$AL$55)
A10: Recife | B10: Nordeste | C10: =COUNTIF(dados!$C$2:$C$55,A10) | D10: =C10/COUNTA(dados!$A$2:$A$55) | E10: {=IFERROR(MEDIAN(IF((dados!$C$2:$C$55=$A10)*(dados!$E$2:$E$55<>""),dados!$E$2:$E$55)),"")} | F10: {=IFERROR(MEDIAN(IF((dados!$C$2:$C$55=$A10)*(dados!$F$2:$F$55<>""),dados!$F$2:$F$55)),"")} | G10: =IFERROR(AVERAGEIFS(dados!$H$2:$H$55,dados!$C$2:$C$55,$A10),"") | H10: {=IFERROR(MEDIAN(IF((dados!$C$2:$C$55=$A10)*(dados!$J$2:$J$55<>""),dados!$J$2:$J$55)),"")} | I10: =IFERROR(AVERAGEIFS(dados!$AW$2:$AW$55,dados!$C$2:$C$55,$A10),"") | J10: =IFERROR(AVERAGEIFS(dados!$AQ$2:$AQ$55,dados!$C$2:$C$55,$A10),"") | K10: =IFERROR(AVERAGEIFS(dados!$AN$2:$AN$55,dados!$C$2:$C$55,$A10),"") | L10: {=IFERROR(MEDIAN(IF((dados!$C$2:$C$55=$A10)*(dados!$Q$2:$Q$55<>""),dados!$Q$2:$Q$55)),"")} | M10: =IFERROR(AVERAGEIFS(dados!$T$2:$T$55,dados!$C$2:$C$55,$A10),"") | N10: {=IFERROR(MEDIAN(IF((dados!$C$2:$C$55=$A10)*(dados!$W$2:$W$55<>""),dados!$W$2:$W$55)),"")} | O10: =SUMIF(dados!$C$2:$C$55,$A10,dados!$AO$2:$AO$55) | P10: {=IFERROR(MEDIAN(IF((dados!$C$2:$C$55=$A10)*(dados!$AD$2:$AD$55<>""),dados!$AD$2:$AD$55)),"")} | Q10: =IF(COUNTIFS(dados!$C$2:$C$55,$A10,dados!$AD$2:$AD$55,"<>")=0,"",_xlfn.MINIFS(dados!$AD$2:$AD$55,dados!$C$2:$C$55,$A10)) | R10: =IF(COUNTIFS(dados!$C$2:$C$55,$A10,dados!$AD$2:$AD$55,"<>")=0,"",_xlfn.MAXIFS(dados!$AD$2:$AD$55,dados!$C$2:$C$55,$A10)) | S10: =SUMIF(dados!$C$2:$C$55,$A10,dados!$AL$2:$AL$55)
A11: Rio de Janeiro | B11: Sudeste | C11: =COUNTIF(dados!$C$2:$C$55,A11) | D11: =C11/COUNTA(dados!$A$2:$A$55) | E11: {=IFERROR(MEDIAN(IF((dados!$C$2:$C$55=$A11)*(dados!$E$2:$E$55<>""),dados!$E$2:$E$55)),"")} | F11: {=IFERROR(MEDIAN(IF((dados!$C$2:$C$55=$A11)*(dados!$F$2:$F$55<>""),dados!$F$2:$F$55)),"")} | G11: =IFERROR(AVERAGEIFS(dados!$H$2:$H$55,dados!$C$2:$C$55,$A11),"") | H11: {=IFERROR(MEDIAN(IF((dados!$C$2:$C$55=$A11)*(dados!$J$2:$J$55<>""),dados!$J$2:$J$55)),"")} | I11: =IFERROR(AVERAGEIFS(dados!$AW$2:$AW$55,dados!$C$2:$C$55,$A11),"") | J11: =IFERROR(AVERAGEIFS(dados!$AQ$2:$AQ$55,dados!$C$2:$C$55,$A11),"") | K11: =IFERROR(AVERAGEIFS(dados!$AN$2:$AN$55,dados!$C$2:$C$55,$A11),"") | L11: {=IFERROR(MEDIAN(IF((dados!$C$2:$C$55=$A11)*(dados!$Q$2:$Q$55<>""),dados!$Q$2:$Q$55)),"")} | M11: =IFERROR(AVERAGEIFS(dados!$T$2:$T$55,dados!$C$2:$C$55,$A11),"") | N11: {=IFERROR(MEDIAN(IF((dados!$C$2:$C$55=$A11)*(dados!$W$2:$W$55<>""),dados!$W$2:$W$55)),"")} | O11: =SUMIF(dados!$C$2:$C$55,$A11,dados!$AO$2:$AO$55) | P11: {=IFERROR(MEDIAN(IF((dados!$C$2:$C$55=$A11)*(dados!$AD$2:$AD$55<>""),dados!$AD$2:$AD$55)),"")} | Q11: =IF(COUNTIFS(dados!$C$2:$C$55,$A11,dados!$AD$2:$AD$55,"<>")=0,"",_xlfn.MINIFS(dados!$AD$2:$AD$55,dados!$C$2:$C$55,$A11)) | R11: =IF(COUNTIFS(dados!$C$2:$C$55,$A11,dados!$AD$2:$AD$55,"<>")=0,"",_xlfn.MAXIFS(dados!$AD$2:$AD$55,dados!$C$2:$C$55,$A11)) | S11: =SUMIF(dados!$C$2:$C$55,$A11,dados!$AL$2:$AL$55)
A12: Salvador | B12: Nordeste | C12: =COUNTIF(dados!$C$2:$C$55,A12) | D12: =C12/COUNTA(dados!$A$2:$A$55) | E12: {=IFERROR(MEDIAN(IF((dados!$C$2:$C$55=$A12)*(dados!$E$2:$E$55<>""),dados!$E$2:$E$55)),"")} | F12: {=IFERROR(MEDIAN(IF((dados!$C$2:$C$55=$A12)*(dados!$F$2:$F$55<>""),dados!$F$2:$F$55)),"")} | G12: =IFERROR(AVERAGEIFS(dados!$H$2:$H$55,dados!$C$2:$C$55,$A12),"") | H12: {=IFERROR(MEDIAN(IF((dados!$C$2:$C$55=$A12)*(dados!$J$2:$J$55<>""),dados!$J$2:$J$55)),"")} | I12: =IFERROR(AVERAGEIFS(dados!$AW$2:$AW$55,dados!$C$2:$C$55,$A12),"") | J12: =IFERROR(AVERAGEIFS(dados!$AQ$2:$AQ$55,dados!$C$2:$C$55,$A12),"") | K12: =IFERROR(AVERAGEIFS(dados!$AN$2:$AN$55,dados!$C$2:$C$55,$A12),"") | L12: {=IFERROR(MEDIAN(IF((dados!$C$2:$C$55=$A12)*(dados!$Q$2:$Q$55<>""),dados!$Q$2:$Q$55)),"")} | M12: =IFERROR(AVERAGEIFS(dados!$T$2:$T$55,dados!$C$2:$C$55,$A12),"") | N12: {=IFERROR(MEDIAN(IF((dados!$C$2:$C$55=$A12)*(dados!$W$2:$W$55<>""),dados!$W$2:$W$55)),"")} | O12: =SUMIF(dados!$C$2:$C$55,$A12,dados!$AO$2:$AO$55) | P12: {=IFERROR(MEDIAN(IF((dados!$C$2:$C$55=$A12)*(dados!$AD$2:$AD$55<>""),dados!$AD$2:$AD$55)),"")} | Q12: =IF(COUNTIFS(dados!$C$2:$C$55,$A12,dados!$AD$2:$AD$55,"<>")=0,"",_xlfn.MINIFS(dados!$AD$2:$AD$55,dados!$C$2:$C$55,$A12)) | R12: =IF(COUNTIFS(dados!$C$2:$C$55,$A12,dados!$AD$2:$AD$55,"<>")=0,"",_xlfn.MAXIFS(dados!$AD$2:$AD$55,dados!$C$2:$C$55,$A12)) | S12: =SUMIF(dados!$C$2:$C$55,$A12,dados!$AL$2:$AL$55)
A13: São Paulo | B13: Sudeste | C13: =COUNTIF(dados!$C$2:$C$55,A13) | D13: =C13/COUNTA(dados!$A$2:$A$55) | E13: {=IFERROR(MEDIAN(IF((dados!$C$2:$C$55=$A13)*(dados!$E$2:$E$55<>""),dados!$E$2:$E$55)),"")} | F13: {=IFERROR(MEDIAN(IF((dados!$C$2:$C$55=$A13)*(dados!$F$2:$F$55<>""),dados!$F$2:$F$55)),"")} | G13: =IFERROR(AVERAGEIFS(dados!$H$2:$H$55,dados!$C$2:$C$55,$A13),"") | H13: {=IFERROR(MEDIAN(IF((dados!$C$2:$C$55=$A13)*(dados!$J$2:$J$55<>""),dados!$J$2:$J$55)),"")} | I13: =IFERROR(AVERAGEIFS(dados!$AW$2:$AW$55,dados!$C$2:$C$55,$A13),"") | J13: =IFERROR(AVERAGEIFS(dados!$AQ$2:$AQ$55,dados!$C$2:$C$55,$A13),"") | K13: =IFERROR(AVERAGEIFS(dados!$AN$2:$AN$55,dados!$C$2:$C$55,$A13),"") | L13: {=IFERROR(MEDIAN(IF((dados!$C$2:$C$55=$A13)*(dados!$Q$2:$Q$55<>""),dados!$Q$2:$Q$55)),"")} | M13: =IFERROR(AVERAGEIFS(dados!$T$2:$T$55,dados!$C$2:$C$55,$A13),"") | N13: {=IFERROR(MEDIAN(IF((dados!$C$2:$C$55=$A13)*(dados!$W$2:$W$55<>""),dados!$W$2:$W$55)),"")} | O13: =SUMIF(dados!$C$2:$C$55,$A13,dados!$AO$2:$AO$55) | P13: {=IFERROR(MEDIAN(IF((dados!$C$2:$C$55=$A13)*(dados!$AD$2:$AD$55<>""),dados!$AD$2:$AD$55)),"")} | Q13: =IF(COUNTIFS(dados!$C$2:$C$55,$A13,dados!$AD$2:$AD$55,"<>")=0,"",_xlfn.MINIFS(dados!$AD$2:$AD$55,dados!$C$2:$C$55,$A13)) | R13: =IF(COUNTIFS(dados!$C$2:$C$55,$A13,dados!$AD$2:$AD$55,"<>")=0,"",_xlfn.MAXIFS(dados!$AD$2:$AD$55,dados!$C$2:$C$55,$A13)) | S13: =SUMIF(dados!$C$2:$C$55,$A13,dados!$AL$2:$AL$55)
A14: Vitória | B14: Sudeste | C14: =COUNTIF(dados!$C$2:$C$55,A14) | D14: =C14/COUNTA(dados!$A$2:$A$55) | E14: {=IFERROR(MEDIAN(IF((dados!$C$2:$C$55=$A14)*(dados!$E$2:$E$55<>""),dados!$E$2:$E$55)),"")} | F14: {=IFERROR(MEDIAN(IF((dados!$C$2:$C$55=$A14)*(dados!$F$2:$F$55<>""),dados!$F$2:$F$55)),"")} | G14: =IFERROR(AVERAGEIFS(dados!$H$2:$H$55,dados!$C$2:$C$55,$A14),"") | H14: {=IFERROR(MEDIAN(IF((dados!$C$2:$C$55=$A14)*(dados!$J$2:$J$55<>""),dados!$J$2:$J$55)),"")} | I14: =IFERROR(AVERAGEIFS(dados!$AW$2:$AW$55,dados!$C$2:$C$55,$A14),"") | J14: =IFERROR(AVERAGEIFS(dados!$AQ$2:$AQ$55,dados!$C$2:$C$55,$A14),"") | K14: =IFERROR(AVERAGEIFS(dados!$AN$2:$AN$55,dados!$C$2:$C$55,$A14),"") | L14: {=IFERROR(MEDIAN(IF((dados!$C$2:$C$55=$A14)*(dados!$Q$2:$Q$55<>""),dados!$Q$2:$Q$55)),"")} | M14: =IFERROR(AVERAGEIFS(dados!$T$2:$T$55,dados!$C$2:$C$55,$A14),"") | N14: {=IFERROR(MEDIAN(IF((dados!$C$2:$C$55=$A14)*(dados!$W$2:$W$55<>""),dados!$W$2:$W$55)),"")} | O14: =SUMIF(dados!$C$2:$C$55,$A14,dados!$AO$2:$AO$55) | P14: {=IFERROR(MEDIAN(IF((dados!$C$2:$C$55=$A14)*(dados!$AD$2:$AD$55<>""),dados!$AD$2:$AD$55)),"")} | Q14: =IF(COUNTIFS(dados!$C$2:$C$55,$A14,dados!$AD$2:$AD$55,"<>")=0,"",_xlfn.MINIFS(dados!$AD$2:$AD$55,dados!$C$2:$C$55,$A14)) | R14: =IF(COUNTIFS(dados!$C$2:$C$55,$A14,dados!$AD$2:$AD$55,"<>")=0,"",_xlfn.MAXIFS(dados!$AD$2:$AD$55,dados!$C$2:$C$55,$A14)) | S14: =SUMIF(dados!$C$2:$C$55,$A14,dados!$AL$2:$AL$55)
A15: Total | C15: =SUM(C2:C14) | D15: =SUM(D2:D14)
A16: Conferência (total − casas da aba dados; deve ser 0) | C16: =C15-COUNTA(dados!$A$2:$A$55)

Sheet regiao_detalhe
A1: região | B1: grupo | C1: variável | D1: descrição | E1: n | F1: média | G1: mediana | H1: desvio padrão | I1: mínimo | J1: máximo | K1: amplitude
A2: Norte | B2: Google Maps | C2: avaliacao_media | D2: Nota média no Google | E2: =COUNTIFS(dados!$D$2:$D$55,$A2,dados!$E$2:$E$55,"<>") | F2: =IFERROR(AVERAGEIFS(dados!$E$2:$E$55,dados!$D$2:$D$55,$A2),"") | G2: {=IFERROR(MEDIAN(IF((dados!$D$2:$D$55=$A2)*(dados!$E$2:$E$55<>""),dados!$E$2:$E$55)),"")} | H2: {=IFERROR(STDEV(IF((dados!$D$2:$D$55=$A2)*(dados!$E$2:$E$55<>""),dados!$E$2:$E$55)),"")} | I2: =IF(COUNTIFS(dados!$D$2:$D$55,$A2,dados!$E$2:$E$55,"<>")=0,"",_xlfn.MINIFS(dados!$E$2:$E$55,dados!$D$2:$D$55,$A2)) | J2: =IF(COUNTIFS(dados!$D$2:$D$55,$A2,dados!$E$2:$E$55,"<>")=0,"",_xlfn.MAXIFS(dados!$E$2:$E$55,dados!$D$2:$D$55,$A2)) | K2: =IFERROR(J2-I2,"")
A3: Norte | B3: Google Maps | C3: volume_avaliacoes | D3: Nº de avaliações no Google | E3: =COUNTIFS(dados!$D$2:$D$55,$A3,dados!$F$2:$F$55,"<>") | F3: =IFERROR(AVERAGEIFS(dados!$F$2:$F$55,dados!$D$2:$D$55,$A3),"") | G3: {=IFERROR(MEDIAN(IF((dados!$D$2:$D$55=$A3)*(dados!$F$2:$F$55<>""),dados!$F$2:$F$55)),"")} | H3: {=IFERROR(STDEV(IF((dados!$D$2:$D$55=$A3)*(dados!$F$2:$F$55<>""),dados!$F$2:$F$55)),"")} | I3: =IF(COUNTIFS(dados!$D$2:$D$55,$A3,dados!$F$2:$F$55,"<>")=0,"",_xlfn.MINIFS(dados!$F$2:$F$55,dados!$D$2:$D$55,$A3)) | J3: =IF(COUNTIFS(dados!$D$2:$D$55,$A3,dados!$F$2:$F$55,"<>")=0,"",_xlfn.MAXIFS(dados!$F$2:$F$55,dados!$D$2:$D$55,$A3)) | K3: =IFERROR(J3-I3,"")
A4: Norte | B4: Horários | C4: dias_abertos | D4: Dias abertos por semana | E4: =COUNTIFS(dados!$D$2:$D$55,$A4,dados!$G$2:$G$55,"<>") | F4: =IFERROR(AVERAGEIFS(dados!$G$2:$G$55,dados!$D$2:$D$55,$A4),"") | G4: {=IFERROR(MEDIAN(IF((dados!$D$2:$D$55=$A4)*(dados!$G$2:$G$55<>""),dados!$G$2:$G$55)),"")} | H4: {=IFERROR(STDEV(IF((dados!$D$2:$D$55=$A4)*(dados!$G$2:$G$55<>""),dados!$G$2:$G$55)),"")} | I4: =IF(COUNTIFS(dados!$D$2:$D$55,$A4,dados!$G$2:$G$55,"<>")=0,"",_xlfn.MINIFS(dados!$G$2:$G$55,dados!$D$2:$D$55,$A4)) | J4: =IF(COUNTIFS(dados!$D$2:$D$55,$A4,dados!$G$2:$G$55,"<>")=0,"",_xlfn.MAXIFS(dados!$G$2:$G$55,dados!$D$2:$D$55,$A4)) | K4: =IFERROR(J4-I4,"")
A5: Norte | B5: Horários | C5: horas_semana | D5: Horas abertas por semana | E5: =COUNTIFS(dados!$D$2:$D$55,$A5,dados!$H$2:$H$55,"<>") | F5: =IFERROR(AVERAGEIFS(dados!$H$2:$H$55,dados!$D$2:$D$55,$A5),"") | G5: {=IFERROR(MEDIAN(IF((dados!$D$2:$D$55=$A5)*(dados!$H$2:$H$55<>""),dados!$H$2:$H$55)),"")} | H5: {=IFERROR(STDEV(IF((dados!$D$2:$D$55=$A5)*(dados!$H$2:$H$55<>""),dados!$H$2:$H$55)),"")} | I5: =IF(COUNTIFS(dados!$D$2:$D$55,$A5,dados!$H$2:$H$55,"<>")=0,"",_xlfn.MINIFS(dados!$H$2:$H$55,dados!$D$2:$D$55,$A5)) | J5: =IF(COUNTIFS(dados!$D$2:$D$55,$A5,dados!$H$2:$H$55,"<>")=0,"",_xlfn.MAXIFS(dados!$H$2:$H$55,dados!$D$2:$D$55,$A5)) | K5: =IFERROR(J5-I5,"")
A6: Norte | B6: Horários | C6: abre_cedo_h | D6: Abertura mais cedo da semana | E6: =COUNTIFS(dados!$D$2:$D$55,$A6,dados!$I$2:$I$55,"<>") | F6: =IFERROR(AVERAGEIFS(dados!$I$2:$I$55,dados!$D$2:$D$55,$A6),"") | G6: {=IFERROR(MEDIAN(IF((dados!$D$2:$D$55=$A6)*(dados!$I$2:$I$55<>""),dados!$I$2:$I$55)),"")} | H6: {=IFERROR(STDEV(IF((dados!$D$2:$D$55=$A6)*(dados!$I$2:$I$55<>""),dados!$I$2:$I$55)),"")} | I6: =IF(COUNTIFS(dados!$D$2:$D$55,$A6,dados!$I$2:$I$55,"<>")=0,"",_xlfn.MINIFS(dados!$I$2:$I$55,dados!$D$2:$D$55,$A6)) | J6: =IF(COUNTIFS(dados!$D$2:$D$55,$A6,dados!$I$2:$I$55,"<>")=0,"",_xlfn.MAXIFS(dados!$I$2:$I$55,dados!$D$2:$D$55,$A6)) | K6: =IFERROR(J6-I6,"")
A7: Norte | B7: Horários | C7: fecha_tarde_h | D7: Fechamento mais tarde da semana (25 = 1h da manhã) | E7: =COUNTIFS(dados!$D$2:$D$55,$A7,dados!$J$2:$J$55,"<>") | F7: =IFERROR(AVERAGEIFS(dados!$J$2:$J$55,dados!$D$2:$D$55,$A7),"") | G7: {=IFERROR(MEDIAN(IF((dados!$D$2:$D$55=$A7)*(dados!$J$2:$J$55<>""),dados!$J$2:$J$55)),"")} | H7: {=IFERROR(STDEV(IF((dados!$D$2:$D$55=$A7)*(dados!$J$2:$J$55<>""),dados!$J$2:$J$55)),"")} | I7: =IF(COUNTIFS(dados!$D$2:$D$55,$A7,dados!$J$2:$J$55,"<>")=0,"",_xlfn.MINIFS(dados!$J$2:$J$55,dados!$D$2:$D$55,$A7)) | J7: =IF(COUNTIFS(dados!$D$2:$D$55,$A7,dados!$J$2:$J$55,"<>")=0,"",_xlfn.MAXIFS(dados!$J$2:$J$55,dados!$D$2:$D$55,$A7)) | K7: =IFERROR(J7-I7,"")
A8: Norte | B8: Entorno | C8: metro_500m | D8: Estações de metrô até 500 m | E8: =COUNTIFS(dados!$D$2:$D$55,$A8,dados!$K$2:$K$55,"<>") | F8: =IFERROR(AVERAGEIFS(dados!$K$2:$K$55,dados!$D$2:$D$55,$A8),"") | G8: {=IFERROR(MEDIAN(IF((dados!$D$2:$D$55=$A8)*(dados!$K$2:$K$55<>""),dados!$K$2:$K$55)),"")} | H8: {=IFERROR(STDEV(IF((dados!$D$2:$D$55=$A8)*(dados!$K$2:$K$55<>""),dados!$K$2:$K$55)),"")} | I8: =IF(COUNTIFS(dados!$D$2:$D$55,$A8,dados!$K$2:$K$55,"<>")=0,"",_xlfn.MINIFS(dados!$K$2:$K$55,dados!$D$2:$D$55,$A8)) | J8: =IF(COUNTIFS(dados!$D$2:$D$55,$A8,dados!$K$2:$K$55,"<>")=0,"",_xlfn.MAXIFS(dados!$K$2:$K$55,dados!$D$2:$D$55,$A8)) | K8: =IFERROR(J8-I8,"")
A9: Norte | B9: Entorno | C9: metro_1000m | D9: Estações de metrô até 1000 m | E9: =COUNTIFS(dados!$D$2:$D$55,$A9,dados!$L$2:$L$55,"<>") | F9: =IFERROR(AVERAGEIFS(dados!$L$2:$L$55,dados!$D$2:$D$55,$A9),"") | G9: {=IFERROR(MEDIAN(IF((dados!$D$2:$D$55=$A9)*(dados!$L$2:$L$55<>""),dados!$L$2:$L$55)),"")} | H9: {=IFERROR(STDEV(IF((dados!$D$2:$D$55=$A9)*(dados!$L$2:$L$55<>""),dados!$L$2:$L$55)),"")} | I9: =IF(COUNTIFS(dados!$D$2:$D$55,$A9,dados!$L$2:$L$55,"<>")=0,"",_xlfn.MINIFS(dados!$L$2:$L$55,dados!$D$2:$D$55,$A9)) | J9: =IF(COUNTIFS(dados!$D$2:$D$55,$A9,dados!$L$2:$L$55,"<>")=0,"",_xlfn.MAXIFS(dados!$L$2:$L$55,dados!$D$2:$D$55,$A9)) | K9: =IFERROR(J9-I9,"")
A10: Norte | B10: Entorno | C10: dist_metro_m | D10: Distância à estação de metrô mais próxima | E10: =COUNTIFS(dados!$D$2:$D$55,$A10,dados!$M$2:$M$55,"<>") | F10: =IFERROR(AVERAGEIFS(dados!$M$2:$M$55,dados!$D$2:$D$55,$A10),"") | G10: {=IFERROR(MEDIAN(IF((dados!$D$2:$D$55=$A10)*(dados!$M$2:$M$55<>""),dados!$M$2:$M$55)),"")} | H10: {=IFERROR(STDEV(IF((dados!$D$2:$D$55=$A10)*(dados!$M$2:$M$55<>""),dados!$M$2:$M$55)),"")} | I10: =IF(COUNTIFS(dados!$D$2:$D$55,$A10,dados!$M$2:$M$55,"<>")=0,"",_xlfn.MINIFS(dados!$M$2:$M$55,dados!$D$2:$D$55,$A10)) | J10: =IF(COUNTIFS(dados!$D$2:$D$55,$A10,dados!$M$2:$M$55,"<>")=0,"",_xlfn.MAXIFS(dados!$M$2:$M$55,dados!$D$2:$D$55,$A10)) | K10: =IFERROR(J10-I10,"")
A11: Norte | B11: Entorno | C11: shopping_porte_500m | D11: Shoppings de porte até 500 m (onde o porte foi buscado) | E11: =COUNTIFS(dados!$D$2:$D$55,$A11,dados!$N$2:$N$55,"<>") | F11: =IFERROR(AVERAGEIFS(dados!$N$2:$N$55,dados!$D$2:$D$55,$A11),"") | G11: {=IFERROR(MEDIAN(IF((dados!$D$2:$D$55=$A11)*(dados!$N$2:$N$55<>""),dados!$N$2:$N$55)),"")} | H11: {=IFERROR(STDEV(IF((dados!$D$2:$D$55=$A11)*(dados!$N$2:$N$55<>""),dados!$N$2:$N$55)),"")} | I11: =IF(COUNTIFS(dados!$D$2:$D$55,$A11,dados!$N$2:$N$55,"<>")=0,"",_xlfn.MINIFS(dados!$N$2:$N$55,dados!$D$2:$D$55,$A11)) | J11: =IF(COUNTIFS(dados!$D$2:$D$55,$A11,dados!$N$2:$N$55,"<>")=0,"",_xlfn.MAXIFS(dados!$N$2:$N$55,dados!$D$2:$D$55,$A11)) | K11: =IFERROR(J11-I11,"")
A12: Norte | B12: Entorno | C12: shopping_porte_1000m | D12: Shoppings de porte até 1000 m (onde o porte foi buscado) | E12: =COUNTIFS(dados!$D$2:$D$55,$A12,dados!$O$2:$O$55,"<>") | F12: =IFERROR(AVERAGEIFS(dados!$O$2:$O$55,dados!$D$2:$D$55,$A12),"") | G12: {=IFERROR(MEDIAN(IF((dados!$D$2:$D$55=$A12)*(dados!$O$2:$O$55<>""),dados!$O$2:$O$55)),"")} | H12: {=IFERROR(STDEV(IF((dados!$D$2:$D$55=$A12)*(dados!$O$2:$O$55<>""),dados!$O$2:$O$55)),"")} | I12: =IF(COUNTIFS(dados!$D$2:$D$55,$A12,dados!$O$2:$O$55,"<>")=0,"",_xlfn.MINIFS(dados!$O$2:$O$55,dados!$D$2:$D$55,$A12)) | J12: =IF(COUNTIFS(dados!$D$2:$D$55,$A12,dados!$O$2:$O$55,"<>")=0,"",_xlfn.MAXIFS(dados!$O$2:$O$55,dados!$D$2:$D$55,$A12)) | K12: =IFERROR(J12-I12,"")
A13: Norte | B13: Entorno | C13: dist_shopping_m | D13: Distância ao shopping mais próximo (qualquer porte) | E13: =COUNTIFS(dados!$D$2:$D$55,$A13,dados!$P$2:$P$55,"<>") | F13: =IFERROR(AVERAGEIFS(dados!$P$2:$P$55,dados!$D$2:$D$55,$A13),"") | G13: {=IFERROR(MEDIAN(IF((dados!$D$2:$D$55=$A13)*(dados!$P$2:$P$55<>""),dados!$P$2:$P$55)),"")} | H13: {=IFERROR(STDEV(IF((dados!$D$2:$D$55=$A13)*(dados!$P$2:$P$55<>""),dados!$P$2:$P$55)),"")} | I13: =IF(COUNTIFS(dados!$D$2:$D$55,$A13,dados!$P$2:$P$55,"<>")=0,"",_xlfn.MINIFS(dados!$P$2:$P$55,dados!$D$2:$D$55,$A13)) | J13: =IF(COUNTIFS(dados!$D$2:$D$55,$A13,dados!$P$2:$P$55,"<>")=0,"",_xlfn.MAXIFS(dados!$P$2:$P$55,dados!$D$2:$D$55,$A13)) | K13: =IFERROR(J13-I13,"")
A14: Norte | B14: Instagram | C14: seguidores | D14: Seguidores | E14: =COUNTIFS(dados!$D$2:$D$55,$A14,dados!$Q$2:$Q$55,"<>") | F14: =IFERROR(AVERAGEIFS(dados!$Q$2:$Q$55,dados!$D$2:$D$55,$A14),"") | G14: {=IFERROR(MEDIAN(IF((dados!$D$2:$D$55=$A14)*(dados!$Q$2:$Q$55<>""),dados!$Q$2:$Q$55)),"")} | H14: {=IFERROR(STDEV(IF((dados!$D$2:$D$55=$A14)*(dados!$Q$2:$Q$55<>""),dados!$Q$2:$Q$55)),"")} | I14: =IF(COUNTIFS(dados!$D$2:$D$55,$A14,dados!$Q$2:$Q$55,"<>")=0,"",_xlfn.MINIFS(dados!$Q$2:$Q$55,dados!$D$2:$D$55,$A14)) | J14: =IF(COUNTIFS(dados!$D$2:$D$55,$A14,dados!$Q$2:$Q$55,"<>")=0,"",_xlfn.MAXIFS(dados!$Q$2:$Q$55,dados!$D$2:$D$55,$A14)) | K14: =IFERROR(J14-I14,"")
A15: Norte | B15: Instagram | C15: n_posts_total | D15: Posts desde a criação do perfil | E15: =COUNTIFS(dados!$D$2:$D$55,$A15,dados!$R$2:$R$55,"<>") | F15: =IFERROR(AVERAGEIFS(dados!$R$2:$R$55,dados!$D$2:$D$55,$A15),"") | G15: {=IFERROR(MEDIAN(IF((dados!$D$2:$D$55=$A15)*(dados!$R$2:$R$55<>""),dados!$R$2:$R$55)),"")} | H15: {=IFERROR(STDEV(IF((dados!$D$2:$D$55=$A15)*(dados!$R$2:$R$55<>""),dados!$R$2:$R$55)),"")} | I15: =IF(COUNTIFS(dados!$D$2:$D$55,$A15,dados!$R$2:$R$55,"<>")=0,"",_xlfn.MINIFS(dados!$R$2:$R$55,dados!$D$2:$D$55,$A15)) | J15: =IF(COUNTIFS(dados!$D$2:$D$55,$A15,dados!$R$2:$R$55,"<>")=0,"",_xlfn.MAXIFS(dados!$R$2:$R$55,dados!$D$2:$D$55,$A15)) | K15: =IFERROR(J15-I15,"")
A16: Norte | B16: Instagram | C16: idade_perfil_anos | D16: Idade do perfil (desde o primeiro post até 15/10/2026) | E16: =COUNTIFS(dados!$D$2:$D$55,$A16,dados!$S$2:$S$55,"<>") | F16: =IFERROR(AVERAGEIFS(dados!$S$2:$S$55,dados!$D$2:$D$55,$A16),"") | G16: {=IFERROR(MEDIAN(IF((dados!$D$2:$D$55=$A16)*(dados!$S$2:$S$55<>""),dados!$S$2:$S$55)),"")} | H16: {=IFERROR(STDEV(IF((dados!$D$2:$D$55=$A16)*(dados!$S$2:$S$55<>""),dados!$S$2:$S$55)),"")} | I16: =IF(COUNTIFS(dados!$D$2:$D$55,$A16,dados!$S$2:$S$55,"<>")=0,"",_xlfn.MINIFS(dados!$S$2:$S$55,dados!$D$2:$D$55,$A16)) | J16: =IF(COUNTIFS(dados!$D$2:$D$55,$A16,dados!$S$2:$S$55,"<>")=0,"",_xlfn.MAXIFS(dados!$S$2:$S$55,dados!$D$2:$D$55,$A16)) | K16: =IFERROR(J16-I16,"")
A17: Norte | B17: Instagram | C17: n_posts_periodo | D17: Posts de 01/09 a 01/10/2026 | E17: =COUNTIFS(dados!$D$2:$D$55,$A17,dados!$T$2:$T$55,"<>") | F17: =IFERROR(AVERAGEIFS(dados!$T$2:$T$55,dados!$D$2:$D$55,$A17),"") | G17: {=IFERROR(MEDIAN(IF((dados!$D$2:$D$55=$A17)*(dados!$T$2:$T$55<>""),dados!$T$2:$T$55)),"")} | H17: {=IFERROR(STDEV(IF((dados!$D$2:$D$55=$A17)*(dados!$T$2:$T$55<>""),dados!$T$2:$T$55)),"")} | I17: =IF(COUNTIFS(dados!$D$2:$D$55,$A17,dados!$T$2:$T$55,"<>")=0,"",_xlfn.MINIFS(dados!$T$2:$T$55,dados!$D$2:$D$55,$A17)) | J17: =IF(COUNTIFS(dados!$D$2:$D$55,$A17,dados!$T$2:$T$55,"<>")=0,"",_xlfn.MAXIFS(dados!$T$2:$T$55,dados!$D$2:$D$55,$A17)) | K17: =IFERROR(J17-I17,"")
A18: Norte | B18: Instagram | C18: curtidas_periodo | D18: Curtidas no período | E18: =COUNTIFS(dados!$D$2:$D$55,$A18,dados!$U$2:$U$55,"<>") | F18: =IFERROR(AVERAGEIFS(dados!$U$2:$U$55,dados!$D$2:$D$55,$A18),"") | G18: {=IFERROR(MEDIAN(IF((dados!$D$2:$D$55=$A18)*(dados!$U$2:$U$55<>""),dados!$U$2:$U$55)),"")} | H18: {=IFERROR(STDEV(IF((dados!$D$2:$D$55=$A18)*(dados!$U$2:$U$55<>""),dados!$U$2:$U$55)),"")} | I18: =IF(COUNTIFS(dados!$D$2:$D$55,$A18,dados!$U$2:$U$55,"<>")=0,"",_xlfn.MINIFS(dados!$U$2:$U$55,dados!$D$2:$D$55,$A18)) | J18: =IF(COUNTIFS(dados!$D$2:$D$55,$A18,dados!$U$2:$U$55,"<>")=0,"",_xlfn.MAXIFS(dados!$U$2:$U$55,dados!$D$2:$D$55,$A18)) | K18: =IFERROR(J18-I18,"")
A19: Norte | B19: Instagram | C19: comentarios_periodo | D19: Comentários no período | E19: =COUNTIFS(dados!$D$2:$D$55,$A19,dados!$V$2:$V$55,"<>") | F19: =IFERROR(AVERAGEIFS(dados!$V$2:$V$55,dados!$D$2:$D$55,$A19),"") | G19: {=IFERROR(MEDIAN(IF((dados!$D$2:$D$55=$A19)*(dados!$V$2:$V$55<>""),dados!$V$2:$V$55)),"")} | H19: {=IFERROR(STDEV(IF((dados!$D$2:$D$55=$A19)*(dados!$V$2:$V$55<>""),dados!$V$2:$V$55)),"")} | I19: =IF(COUNTIFS(dados!$D$2:$D$55,$A19,dados!$V$2:$V$55,"<>")=0,"",_xlfn.MINIFS(dados!$V$2:$V$55,dados!$D$2:$D$55,$A19)) | J19: =IF(COUNTIFS(dados!$D$2:$D$55,$A19,dados!$V$2:$V$55,"<>")=0,"",_xlfn.MAXIFS(dados!$V$2:$V$55,dados!$D$2:$D$55,$A19)) | K19: =IFERROR(J19-I19,"")
A20: Norte | B20: Instagram | C20: interacoes_por_post | D20: Interações por post no período (curtidas + comentários) | E20: =COUNTIFS(dados!$D$2:$D$55,$A20,dados!$W$2:$W$55,"<>") | F20: =IFERROR(AVERAGEIFS(dados!$W$2:$W$55,dados!$D$2:$D$55,$A20),"") | G20: {=IFERROR(MEDIAN(IF((dados!$D$2:$D$55=$A20)*(dados!$W$2:$W$55<>""),dados!$W$2:$W$55)),"")} | H20: {=IFERROR(STDEV(IF((dados!$D$2:$D$55=$A20)*(dados!$W$2:$W$55<>""),dados!$W$2:$W$55)),"")} | I20: =IF(COUNTIFS(dados!$D$2:$D$55,$A20,dados!$W$2:$W$55,"<>")=0,"",_xlfn.MINIFS(dados!$W$2:$W$55,dados!$D$2:$D$55,$A20)) | J20: =IF(COUNTIFS(dados!$D$2:$D$55,$A20,dados!$W$2:$W$55,"<>")=0,"",_xlfn.MAXIFS(dados!$W$2:$W$55,dados!$D$2:$D$55,$A20)) | K20: =IFERROR(J20-I20,"")
A21: Norte | B21: Instagram | C21: engajamento_pct | D21: Taxa de engajamento (interações por post ÷ seguidores) | E21: =COUNTIFS(dados!$D$2:$D$55,$A21,dados!$X$2:$X$55,"<>") | F21: =IFERROR(AVERAGEIFS(dados!$X$2:$X$55,dados!$D$2:$D$55,$A21),"") | G21: {=IFERROR(MEDIAN(IF((dados!$D$2:$D$55=$A21)*(dados!$X$2:$X$55<>""),dados!$X$2:$X$55)),"")} | H21: {=IFERROR(STDEV(IF((dados!$D$2:$D$55=$A21)*(dados!$X$2:$X$55<>""),dados!$X$2:$X$55)),"")} | I21: =IF(COUNTIFS(dados!$D$2:$D$55,$A21,dados!$X$2:$X$55,"<>")=0,"",_xlfn.MINIFS(dados!$X$2:$X$55,dados!$D$2:$D$55,$A21)) | J21: =IF(COUNTIFS(dados!$D$2:$D$55,$A21,dados!$X$2:$X$55,"<>")=0,"",_xlfn.MAXIFS(dados!$X$2:$X$55,dados!$D$2:$D$55,$A21)) | K21: =IFERROR(J21-I21,"")
A22: Norte | B22: Cardápio | C22: itens_com_preco | D22: Itens com preço no cardápio | E22: =COUNTIFS(dados!$D$2:$D$55,$A22,dados!$Y$2:$Y$55,"<>") | F22: =IFERROR(AVERAGEIFS(dados!$Y$2:$Y$55,dados!$D$2:$D$55,$A22),"") | G22: {=IFERROR(MEDIAN(IF((dados!$D$2:$D$55=$A22)*(dados!$Y$2:$Y$55<>""),dados!$Y$2:$Y$55)),"")} | H22: {=IFERROR(STDEV(IF((dados!$D$2:$D$55=$A22)*(dados!$Y$2:$Y$55<>""),dados!$Y$2:$Y$55)),"")} | I22: =IF(COUNTIFS(dados!$D$2:$D$55,$A22,dados!$Y$2:$Y$55,"<>")=0,"",_xlfn.MINIFS(dados!$Y$2:$Y$55,dados!$D$2:$D$55,$A22)) | J22: =IF(COUNTIFS(dados!$D$2:$D$55,$A22,dados!$Y$2:$Y$55,"<>")=0,"",_xlfn.MAXIFS(dados!$Y$2:$Y$55,dados!$D$2:$D$55,$A22)) | K22: =IFERROR(J22-I22,"")
A23: Norte | B23: Cardápio | C23: couvert_mediana | D23: Couvert ou taxa de jogo (só casas que cobram) | E23: =COUNTIFS(dados!$D$2:$D$55,$A23,dados!$Z$2:$Z$55,"<>") | F23: =IFERROR(AVERAGEIFS(dados!$Z$2:$Z$55,dados!$D$2:$D$55,$A23),"") | G23: {=IFERROR(MEDIAN(IF((dados!$D$2:$D$55=$A23)*(dados!$Z$2:$Z$55<>""),dados!$Z$2:$Z$55)),"")} | H23: {=IFERROR(STDEV(IF((dados!$D$2:$D$55=$A23)*(dados!$Z$2:$Z$55<>""),dados!$Z$2:$Z$55)),"")} | I23: =IF(COUNTIFS(dados!$D$2:$D$55,$A23,dados!$Z$2:$Z$55,"<>")=0,"",_xlfn.MINIFS(dados!$Z$2:$Z$55,dados!$D$2:$D$55,$A23)) | J23: =IF(COUNTIFS(dados!$D$2:$D$55,$A23,dados!$Z$2:$Z$55,"<>")=0,"",_xlfn.MAXIFS(dados!$Z$2:$Z$55,dados!$D$2:$D$55,$A23)) | K23: =IFERROR(J23-I23,"")
A24: Norte | B24: Cardápio | C24: bebida_mediana | D24: Bebida, mediana do cardápio | E24: =COUNTIFS(dados!$D$2:$D$55,$A24,dados!$AA$2:$AA$55,"<>") | F24: =IFERROR(AVERAGEIFS(dados!$AA$2:$AA$55,dados!$D$2:$D$55,$A24),"") | G24: {=IFERROR(MEDIAN(IF((dados!$D$2:$D$55=$A24)*(dados!$AA$2:$AA$55<>""),dados!$AA$2:$AA$55)),"")} | H24: {=IFERROR(STDEV(IF((dados!$D$2:$D$55=$A24)*(dados!$AA$2:$AA$55<>""),dados!$AA$2:$AA$55)),"")} | I24: =IF(COUNTIFS(dados!$D$2:$D$55,$A24,dados!$AA$2:$AA$55,"<>")=0,"",_xlfn.MINIFS(dados!$AA$2:$AA$55,dados!$D$2:$D$55,$A24)) | J24: =IF(COUNTIFS(dados!$D$2:$D$55,$A24,dados!$AA$2:$AA$55,"<>")=0,"",_xlfn.MAXIFS(dados!$AA$2:$AA$55,dados!$D$2:$D$55,$A24)) | K24: =IFERROR(J24-I24,"")
A25: Norte | B25: Cardápio | C25: entrada_ou_prato_mediana | D25: Entrada ou prato, mediana do cardápio | E25: =COUNTIFS(dados!$D$2:$D$55,$A25,dados!$AB$2:$AB$55,"<>") | F25: =IFERROR(AVERAGEIFS(dados!$AB$2:$AB$55,dados!$D$2:$D$55,$A25),"") | G25: {=IFERROR(MEDIAN(IF((dados!$D$2:$D$55=$A25)*(dados!$AB$2:$AB$55<>""),dados!$AB$2:$AB$55)),"")} | H25: {=IFERROR(STDEV(IF((dados!$D$2:$D$55=$A25)*(dados!$AB$2:$AB$55<>""),dados!$AB$2:$AB$55)),"")} | I25: =IF(COUNTIFS(dados!$D$2:$D$55,$A25,dados!$AB$2:$AB$55,"<>")=0,"",_xlfn.MINIFS(dados!$AB$2:$AB$55,dados!$D$2:$D$55,$A25)) | J25: =IF(COUNTIFS(dados!$D$2:$D$55,$A25,dados!$AB$2:$AB$55,"<>")=0,"",_xlfn.MAXIFS(dados!$AB$2:$AB$55,dados!$D$2:$D$55,$A25)) | K25: =IFERROR(J25-I25,"")
A26: Norte | B26: Cardápio | C26: cesta_baixa | D26: Cesta por pessoa, nível baixo (P25) | E26: =COUNTIFS(dados!$D$2:$D$55,$A26,dados!$AC$2:$AC$55,"<>") | F26: =IFERROR(AVERAGEIFS(dados!$AC$2:$AC$55,dados!$D$2:$D$55,$A26),"") | G26: {=IFERROR(MEDIAN(IF((dados!$D$2:$D$55=$A26)*(dados!$AC$2:$AC$55<>""),dados!$AC$2:$AC$55)),"")} | H26: {=IFERROR(STDEV(IF((dados!$D$2:$D$55=$A26)*(dados!$AC$2:$AC$55<>""),dados!$AC$2:$AC$55)),"")} | I26: =IF(COUNTIFS(dados!$D$2:$D$55,$A26,dados!$AC$2:$AC$55,"<>")=0,"",_xlfn.MINIFS(dados!$AC$2:$AC$55,dados!$D$2:$D$55,$A26)) | J26: =IF(COUNTIFS(dados!$D$2:$D$55,$A26,dados!$AC$2:$AC$55,"<>")=0,"",_xlfn.MAXIFS(dados!$AC$2:$AC$55,dados!$D$2:$D$55,$A26)) | K26: =IFERROR(J26-I26,"")
A27: Norte | B27: Cardápio | C27: cesta_mediana | D27: Cesta por pessoa, nível mediano | E27: =COUNTIFS(dados!$D$2:$D$55,$A27,dados!$AD$2:$AD$55,"<>") | F27: =IFERROR(AVERAGEIFS(dados!$AD$2:$AD$55,dados!$D$2:$D$55,$A27),"") | G27: {=IFERROR(MEDIAN(IF((dados!$D$2:$D$55=$A27)*(dados!$AD$2:$AD$55<>""),dados!$AD$2:$AD$55)),"")} | H27: {=IFERROR(STDEV(IF((dados!$D$2:$D$55=$A27)*(dados!$AD$2:$AD$55<>""),dados!$AD$2:$AD$55)),"")} | I27: =IF(COUNTIFS(dados!$D$2:$D$55,$A27,dados!$AD$2:$AD$55,"<>")=0,"",_xlfn.MINIFS(dados!$AD$2:$AD$55,dados!$D$2:$D$55,$A27)) | J27: =IF(COUNTIFS(dados!$D$2:$D$55,$A27,dados!$AD$2:$AD$55,"<>")=0,"",_xlfn.MAXIFS(dados!$AD$2:$AD$55,dados!$D$2:$D$55,$A27)) | K27: =IFERROR(J27-I27,"")
A28: Norte | B28: Cardápio | C28: cesta_alta | D28: Cesta por pessoa, nível alto (P75) | E28: =COUNTIFS(dados!$D$2:$D$55,$A28,dados!$AE$2:$AE$55,"<>") | F28: =IFERROR(AVERAGEIFS(dados!$AE$2:$AE$55,dados!$D$2:$D$55,$A28),"") | G28: {=IFERROR(MEDIAN(IF((dados!$D$2:$D$55=$A28)*(dados!$AE$2:$AE$55<>""),dados!$AE$2:$AE$55)),"")} | H28: {=IFERROR(STDEV(IF((dados!$D$2:$D$55=$A28)*(dados!$AE$2:$AE$55<>""),dados!$AE$2:$AE$55)),"")} | I28: =IF(COUNTIFS(dados!$D$2:$D$55,$A28,dados!$AE$2:$AE$55,"<>")=0,"",_xlfn.MINIFS(dados!$AE$2:$AE$55,dados!$D$2:$D$55,$A28)) | J28: =IF(COUNTIFS(dados!$D$2:$D$55,$A28,dados!$AE$2:$AE$55,"<>")=0,"",_xlfn.MAXIFS(dados!$AE$2:$AE$55,dados!$D$2:$D$55,$A28)) | K28: =IFERROR(J28-I28,"")
A29: Norte | B29: Cardápio | C29: hamburguer_mediana | D29: Hambúrguer, mediana | E29: =COUNTIFS(dados!$D$2:$D$55,$A29,dados!$AF$2:$AF$55,"<>") | F29: =IFERROR(AVERAGEIFS(dados!$AF$2:$AF$55,dados!$D$2:$D$55,$A29),"") | G29: {=IFERROR(MEDIAN(IF((dados!$D$2:$D$55=$A29)*(dados!$AF$2:$AF$55<>""),dados!$AF$2:$AF$55)),"")} | H29: {=IFERROR(STDEV(IF((dados!$D$2:$D$55=$A29)*(dados!$AF$2:$AF$55<>""),dados!$AF$2:$AF$55)),"")} | I29: =IF(COUNTIFS(dados!$D$2:$D$55,$A29,dados!$AF$2:$AF$55,"<>")=0,"",_xlfn.MINIFS(dados!$AF$2:$AF$55,dados!$D$2:$D$55,$A29)) | J29: =IF(COUNTIFS(dados!$D$2:$D$55,$A29,dados!$AF$2:$AF$55,"<>")=0,"",_xlfn.MAXIFS(dados!$AF$2:$AF$55,dados!$D$2:$D$55,$A29)) | K29: =IFERROR(J29-I29,"")
A30: Norte | B30: Cardápio | C30: batata_mediana | D30: Batata, mediana | E30: =COUNTIFS(dados!$D$2:$D$55,$A30,dados!$AG$2:$AG$55,"<>") | F30: =IFERROR(AVERAGEIFS(dados!$AG$2:$AG$55,dados!$D$2:$D$55,$A30),"") | G30: {=IFERROR(MEDIAN(IF((dados!$D$2:$D$55=$A30)*(dados!$AG$2:$AG$55<>""),dados!$AG$2:$AG$55)),"")} | H30: {=IFERROR(STDEV(IF((dados!$D$2:$D$55=$A30)*(dados!$AG$2:$AG$55<>""),dados!$AG$2:$AG$55)),"")} | I30: =IF(COUNTIFS(dados!$D$2:$D$55,$A30,dados!$AG$2:$AG$55,"<>")=0,"",_xlfn.MINIFS(dados!$AG$2:$AG$55,dados!$D$2:$D$55,$A30)) | J30: =IF(COUNTIFS(dados!$D$2:$D$55,$A30,dados!$AG$2:$AG$55,"<>")=0,"",_xlfn.MAXIFS(dados!$AG$2:$AG$55,dados!$D$2:$D$55,$A30)) | K30: =IFERROR(J30-I30,"")
A31: Norte | B31: Cardápio | C31: cerveja_mediana | D31: Cerveja, mediana | E31: =COUNTIFS(dados!$D$2:$D$55,$A31,dados!$AH$2:$AH$55,"<>") | F31: =IFERROR(AVERAGEIFS(dados!$AH$2:$AH$55,dados!$D$2:$D$55,$A31),"") | G31: {=IFERROR(MEDIAN(IF((dados!$D$2:$D$55=$A31)*(dados!$AH$2:$AH$55<>""),dados!$AH$2:$AH$55)),"")} | H31: {=IFERROR(STDEV(IF((dados!$D$2:$D$55=$A31)*(dados!$AH$2:$AH$55<>""),dados!$AH$2:$AH$55)),"")} | I31: =IF(COUNTIFS(dados!$D$2:$D$55,$A31,dados!$AH$2:$AH$55,"<>")=0,"",_xlfn.MINIFS(dados!$AH$2:$AH$55,dados!$D$2:$D$55,$A31)) | J31: =IF(COUNTIFS(dados!$D$2:$D$55,$A31,dados!$AH$2:$AH$55,"<>")=0,"",_xlfn.MAXIFS(dados!$AH$2:$AH$55,dados!$D$2:$D$55,$A31)) | K31: =IFERROR(J31-I31,"")
A32: Norte | B32: Cardápio | C32: refrigerante_mediana | D32: Refrigerante, mediana | E32: =COUNTIFS(dados!$D$2:$D$55,$A32,dados!$AI$2:$AI$55,"<>") | F32: =IFERROR(AVERAGEIFS(dados!$AI$2:$AI$55,dados!$D$2:$D$55,$A32),"") | G32: {=IFERROR(MEDIAN(IF((dados!$D$2:$D$55=$A32)*(dados!$AI$2:$AI$55<>""),dados!$AI$2:$AI$55)),"")} | H32: {=IFERROR(STDEV(IF((dados!$D$2:$D$55=$A32)*(dados!$AI$2:$AI$55<>""),dados!$AI$2:$AI$55)),"")} | I32: =IF(COUNTIFS(dados!$D$2:$D$55,$A32,dados!$AI$2:$AI$55,"<>")=0,"",_xlfn.MINIFS(dados!$AI$2:$AI$55,dados!$D$2:$D$55,$A32)) | J32: =IF(COUNTIFS(dados!$D$2:$D$55,$A32,dados!$AI$2:$AI$55,"<>")=0,"",_xlfn.MAXIFS(dados!$AI$2:$AI$55,dados!$D$2:$D$55,$A32)) | K32: =IFERROR(J32-I32,"")
A33: Norte | B33: Cardápio | C33: drinks_mediana | D33: Drinks, mediana | E33: =COUNTIFS(dados!$D$2:$D$55,$A33,dados!$AJ$2:$AJ$55,"<>") | F33: =IFERROR(AVERAGEIFS(dados!$AJ$2:$AJ$55,dados!$D$2:$D$55,$A33),"") | G33: {=IFERROR(MEDIAN(IF((dados!$D$2:$D$55=$A33)*(dados!$AJ$2:$AJ$55<>""),dados!$AJ$2:$AJ$55)),"")} | H33: {=IFERROR(STDEV(IF((dados!$D$2:$D$55=$A33)*(dados!$AJ$2:$AJ$55<>""),dados!$AJ$2:$AJ$55)),"")} | I33: =IF(COUNTIFS(dados!$D$2:$D$55,$A33,dados!$AJ$2:$AJ$55,"<>")=0,"",_xlfn.MINIFS(dados!$AJ$2:$AJ$55,dados!$D$2:$D$55,$A33)) | J33: =IF(COUNTIFS(dados!$D$2:$D$55,$A33,dados!$AJ$2:$AJ$55,"<>")=0,"",_xlfn.MAXIFS(dados!$AJ$2:$AJ$55,dados!$D$2:$D$55,$A33)) | K33: =IFERROR(J33-I33,"")
A34: Norte | B34: Acervo | C34: titulos_acervo | D34: Títulos no acervo publicado | E34: =COUNTIFS(dados!$D$2:$D$55,$A34,dados!$AK$2:$AK$55,"<>") | F34: =IFERROR(AVERAGEIFS(dados!$AK$2:$AK$55,dados!$D$2:$D$55,$A34),"") | G34: {=IFERROR(MEDIAN(IF((dados!$D$2:$D$55=$A34)*(dados!$AK$2:$AK$55<>""),dados!$AK$2:$AK$55)),"")} | H34: {=IFERROR(STDEV(IF((dados!$D$2:$D$55=$A34)*(dados!$AK$2:$AK$55<>""),dados!$AK$2:$AK$55)),"")} | I34: =IF(COUNTIFS(dados!$D$2:$D$55,$A34,dados!$AK$2:$AK$55,"<>")=0,"",_xlfn.MINIFS(dados!$AK$2:$AK$55,dados!$D$2:$D$55,$A34)) | J34: =IF(COUNTIFS(dados!$D$2:$D$55,$A34,dados!$AK$2:$AK$55,"<>")=0,"",_xlfn.MAXIFS(dados!$AK$2:$AK$55,dados!$D$2:$D$55,$A34)) | K34: =IFERROR(J34-I34,"")
A35: Norte | B35: B2 | C35: avaliacoes_b2 | D35: Avaliações no recorte do B2 (até '3 meses atrás') | E35: =COUNTIFS(dados!$D$2:$D$55,$A35,dados!$AL$2:$AL$55,"<>") | F35: =IFERROR(AVERAGEIFS(dados!$AL$2:$AL$55,dados!$D$2:$D$55,$A35),"") | G35: {=IFERROR(MEDIAN(IF((dados!$D$2:$D$55=$A35)*(dados!$AL$2:$AL$55<>""),dados!$AL$2:$AL$55)),"")} | H35: {=IFERROR(STDEV(IF((dados!$D$2:$D$55=$A35)*(dados!$AL$2:$AL$55<>""),dados!$AL$2:$AL$55)),"")} | I35: =IF(COUNTIFS(dados!$D$2:$D$55,$A35,dados!$AL$2:$AL$55,"<>")=0,"",_xlfn.MINIFS(dados!$AL$2:$AL$55,dados!$D$2:$D$55,$A35)) | J35: =IF(COUNTIFS(dados!$D$2:$D$55,$A35,dados!$AL$2:$AL$55,"<>")=0,"",_xlfn.MAXIFS(dados!$AL$2:$AL$55,dados!$D$2:$D$55,$A35)) | K35: =IFERROR(J35-I35,"")
A36: Norte | B36: B2 | C36: avaliacoes_b2_com_texto | D36: Dessas, com texto | E36: =COUNTIFS(dados!$D$2:$D$55,$A36,dados!$AM$2:$AM$55,"<>") | F36: =IFERROR(AVERAGEIFS(dados!$AM$2:$AM$55,dados!$D$2:$D$55,$A36),"") | G36: {=IFERROR(MEDIAN(IF((dados!$D$2:$D$55=$A36)*(dados!$AM$2:$AM$55<>""),dados!$AM$2:$AM$55)),"")} | H36: {=IFERROR(STDEV(IF((dados!$D$2:$D$55=$A36)*(dados!$AM$2:$AM$55<>""),dados!$AM$2:$AM$55)),"")} | I36: =IF(COUNTIFS(dados!$D$2:$D$55,$A36,dados!$AM$2:$AM$55,"<>")=0,"",_xlfn.MINIFS(dados!$AM$2:$AM$55,dados!$D$2:$D$55,$A36)) | J36: =IF(COUNTIFS(dados!$D$2:$D$55,$A36,dados!$AM$2:$AM$55,"<>")=0,"",_xlfn.MAXIFS(dados!$AM$2:$AM$55,dados!$D$2:$D$55,$A36)) | K36: =IFERROR(J36-I36,"")
A37: Nordeste | B37: Google Maps | C37: avaliacao_media | D37: Nota média no Google | E37: =COUNTIFS(dados!$D$2:$D$55,$A37,dados!$E$2:$E$55,"<>") | F37: =IFERROR(AVERAGEIFS(dados!$E$2:$E$55,dados!$D$2:$D$55,$A37),"") | G37: {=IFERROR(MEDIAN(IF((dados!$D$2:$D$55=$A37)*(dados!$E$2:$E$55<>""),dados!$E$2:$E$55)),"")} | H37: {=IFERROR(STDEV(IF((dados!$D$2:$D$55=$A37)*(dados!$E$2:$E$55<>""),dados!$E$2:$E$55)),"")} | I37: =IF(COUNTIFS(dados!$D$2:$D$55,$A37,dados!$E$2:$E$55,"<>")=0,"",_xlfn.MINIFS(dados!$E$2:$E$55,dados!$D$2:$D$55,$A37)) | J37: =IF(COUNTIFS(dados!$D$2:$D$55,$A37,dados!$E$2:$E$55,"<>")=0,"",_xlfn.MAXIFS(dados!$E$2:$E$55,dados!$D$2:$D$55,$A37)) | K37: =IFERROR(J37-I37,"")
A38: Nordeste | B38: Google Maps | C38: volume_avaliacoes | D38: Nº de avaliações no Google | E38: =COUNTIFS(dados!$D$2:$D$55,$A38,dados!$F$2:$F$55,"<>") | F38: =IFERROR(AVERAGEIFS(dados!$F$2:$F$55,dados!$D$2:$D$55,$A38),"") | G38: {=IFERROR(MEDIAN(IF((dados!$D$2:$D$55=$A38)*(dados!$F$2:$F$55<>""),dados!$F$2:$F$55)),"")} | H38: {=IFERROR(STDEV(IF((dados!$D$2:$D$55=$A38)*(dados!$F$2:$F$55<>""),dados!$F$2:$F$55)),"")} | I38: =IF(COUNTIFS(dados!$D$2:$D$55,$A38,dados!$F$2:$F$55,"<>")=0,"",_xlfn.MINIFS(dados!$F$2:$F$55,dados!$D$2:$D$55,$A38)) | J38: =IF(COUNTIFS(dados!$D$2:$D$55,$A38,dados!$F$2:$F$55,"<>")=0,"",_xlfn.MAXIFS(dados!$F$2:$F$55,dados!$D$2:$D$55,$A38)) | K38: =IFERROR(J38-I38,"")
A39: Nordeste | B39: Horários | C39: dias_abertos | D39: Dias abertos por semana | E39: =COUNTIFS(dados!$D$2:$D$55,$A39,dados!$G$2:$G$55,"<>") | F39: =IFERROR(AVERAGEIFS(dados!$G$2:$G$55,dados!$D$2:$D$55,$A39),"") | G39: {=IFERROR(MEDIAN(IF((dados!$D$2:$D$55=$A39)*(dados!$G$2:$G$55<>""),dados!$G$2:$G$55)),"")} | H39: {=IFERROR(STDEV(IF((dados!$D$2:$D$55=$A39)*(dados!$G$2:$G$55<>""),dados!$G$2:$G$55)),"")} | I39: =IF(COUNTIFS(dados!$D$2:$D$55,$A39,dados!$G$2:$G$55,"<>")=0,"",_xlfn.MINIFS(dados!$G$2:$G$55,dados!$D$2:$D$55,$A39)) | J39: =IF(COUNTIFS(dados!$D$2:$D$55,$A39,dados!$G$2:$G$55,"<>")=0,"",_xlfn.MAXIFS(dados!$G$2:$G$55,dados!$D$2:$D$55,$A39)) | K39: =IFERROR(J39-I39,"")
A40: Nordeste | B40: Horários | C40: horas_semana | D40: Horas abertas por semana | E40: =COUNTIFS(dados!$D$2:$D$55,$A40,dados!$H$2:$H$55,"<>") | F40: =IFERROR(AVERAGEIFS(dados!$H$2:$H$55,dados!$D$2:$D$55,$A40),"") | G40: {=IFERROR(MEDIAN(IF((dados!$D$2:$D$55=$A40)*(dados!$H$2:$H$55<>""),dados!$H$2:$H$55)),"")} | H40: {=IFERROR(STDEV(IF((dados!$D$2:$D$55=$A40)*(dados!$H$2:$H$55<>""),dados!$H$2:$H$55)),"")} | I40: =IF(COUNTIFS(dados!$D$2:$D$55,$A40,dados!$H$2:$H$55,"<>")=0,"",_xlfn.MINIFS(dados!$H$2:$H$55,dados!$D$2:$D$55,$A40)) | J40: =IF(COUNTIFS(dados!$D$2:$D$55,$A40,dados!$H$2:$H$55,"<>")=0,"",_xlfn.MAXIFS(dados!$H$2:$H$55,dados!$D$2:$D$55,$A40)) | K40: =IFERROR(J40-I40,"")
A41: Nordeste | B41: Horários | C41: abre_cedo_h | D41: Abertura mais cedo da semana | E41: =COUNTIFS(dados!$D$2:$D$55,$A41,dados!$I$2:$I$55,"<>") | F41: =IFERROR(AVERAGEIFS(dados!$I$2:$I$55,dados!$D$2:$D$55,$A41),"") | G41: {=IFERROR(MEDIAN(IF((dados!$D$2:$D$55=$A41)*(dados!$I$2:$I$55<>""),dados!$I$2:$I$55)),"")} | H41: {=IFERROR(STDEV(IF((dados!$D$2:$D$55=$A41)*(dados!$I$2:$I$55<>""),dados!$I$2:$I$55)),"")} | I41: =IF(COUNTIFS(dados!$D$2:$D$55,$A41,dados!$I$2:$I$55,"<>")=0,"",_xlfn.MINIFS(dados!$I$2:$I$55,dados!$D$2:$D$55,$A41)) | J41: =IF(COUNTIFS(dados!$D$2:$D$55,$A41,dados!$I$2:$I$55,"<>")=0,"",_xlfn.MAXIFS(dados!$I$2:$I$55,dados!$D$2:$D$55,$A41)) | K41: =IFERROR(J41-I41,"")
A42: Nordeste | B42: Horários | C42: fecha_tarde_h | D42: Fechamento mais tarde da semana (25 = 1h da manhã) | E42: =COUNTIFS(dados!$D$2:$D$55,$A42,dados!$J$2:$J$55,"<>") | F42: =IFERROR(AVERAGEIFS(dados!$J$2:$J$55,dados!$D$2:$D$55,$A42),"") | G42: {=IFERROR(MEDIAN(IF((dados!$D$2:$D$55=$A42)*(dados!$J$2:$J$55<>""),dados!$J$2:$J$55)),"")} | H42: {=IFERROR(STDEV(IF((dados!$D$2:$D$55=$A42)*(dados!$J$2:$J$55<>""),dados!$J$2:$J$55)),"")} | I42: =IF(COUNTIFS(dados!$D$2:$D$55,$A42,dados!$J$2:$J$55,"<>")=0,"",_xlfn.MINIFS(dados!$J$2:$J$55,dados!$D$2:$D$55,$A42)) | J42: =IF(COUNTIFS(dados!$D$2:$D$55,$A42,dados!$J$2:$J$55,"<>")=0,"",_xlfn.MAXIFS(dados!$J$2:$J$55,dados!$D$2:$D$55,$A42)) | K42: =IFERROR(J42-I42,"")
A43: Nordeste | B43: Entorno | C43: metro_500m | D43: Estações de metrô até 500 m | E43: =COUNTIFS(dados!$D$2:$D$55,$A43,dados!$K$2:$K$55,"<>") | F43: =IFERROR(AVERAGEIFS(dados!$K$2:$K$55,dados!$D$2:$D$55,$A43),"") | G43: {=IFERROR(MEDIAN(IF((dados!$D$2:$D$55=$A43)*(dados!$K$2:$K$55<>""),dados!$K$2:$K$55)),"")} | H43: {=IFERROR(STDEV(IF((dados!$D$2:$D$55=$A43)*(dados!$K$2:$K$55<>""),dados!$K$2:$K$55)),"")} | I43: =IF(COUNTIFS(dados!$D$2:$D$55,$A43,dados!$K$2:$K$55,"<>")=0,"",_xlfn.MINIFS(dados!$K$2:$K$55,dados!$D$2:$D$55,$A43)) | J43: =IF(COUNTIFS(dados!$D$2:$D$55,$A43,dados!$K$2:$K$55,"<>")=0,"",_xlfn.MAXIFS(dados!$K$2:$K$55,dados!$D$2:$D$55,$A43)) | K43: =IFERROR(J43-I43,"")
A44: Nordeste | B44: Entorno | C44: metro_1000m | D44: Estações de metrô até 1000 m | E44: =COUNTIFS(dados!$D$2:$D$55,$A44,dados!$L$2:$L$55,"<>") | F44: =IFERROR(AVERAGEIFS(dados!$L$2:$L$55,dados!$D$2:$D$55,$A44),"") | G44: {=IFERROR(MEDIAN(IF((dados!$D$2:$D$55=$A44)*(dados!$L$2:$L$55<>""),dados!$L$2:$L$55)),"")} | H44: {=IFERROR(STDEV(IF((dados!$D$2:$D$55=$A44)*(dados!$L$2:$L$55<>""),dados!$L$2:$L$55)),"")} | I44: =IF(COUNTIFS(dados!$D$2:$D$55,$A44,dados!$L$2:$L$55,"<>")=0,"",_xlfn.MINIFS(dados!$L$2:$L$55,dados!$D$2:$D$55,$A44)) | J44: =IF(COUNTIFS(dados!$D$2:$D$55,$A44,dados!$L$2:$L$55,"<>")=0,"",_xlfn.MAXIFS(dados!$L$2:$L$55,dados!$D$2:$D$55,$A44)) | K44: =IFERROR(J44-I44,"")
A45: Nordeste | B45: Entorno | C45: dist_metro_m | D45: Distância à estação de metrô mais próxima | E45: =COUNTIFS(dados!$D$2:$D$55,$A45,dados!$M$2:$M$55,"<>") | F45: =IFERROR(AVERAGEIFS(dados!$M$2:$M$55,dados!$D$2:$D$55,$A45),"") | G45: {=IFERROR(MEDIAN(IF((dados!$D$2:$D$55=$A45)*(dados!$M$2:$M$55<>""),dados!$M$2:$M$55)),"")} | H45: {=IFERROR(STDEV(IF((dados!$D$2:$D$55=$A45)*(dados!$M$2:$M$55<>""),dados!$M$2:$M$55)),"")} | I45: =IF(COUNTIFS(dados!$D$2:$D$55,$A45,dados!$M$2:$M$55,"<>")=0,"",_xlfn.MINIFS(dados!$M$2:$M$55,dados!$D$2:$D$55,$A45)) | J45: =IF(COUNTIFS(dados!$D$2:$D$55,$A45,dados!$M$2:$M$55,"<>")=0,"",_xlfn.MAXIFS(dados!$M$2:$M$55,dados!$D$2:$D$55,$A45)) | K45: =IFERROR(J45-I45,"")
A46: Nordeste | B46: Entorno | C46: shopping_porte_500m | D46: Shoppings de porte até 500 m (onde o porte foi buscado) | E46: =COUNTIFS(dados!$D$2:$D$55,$A46,dados!$N$2:$N$55,"<>") | F46: =IFERROR(AVERAGEIFS(dados!$N$2:$N$55,dados!$D$2:$D$55,$A46),"") | G46: {=IFERROR(MEDIAN(IF((dados!$D$2:$D$55=$A46)*(dados!$N$2:$N$55<>""),dados!$N$2:$N$55)),"")} | H46: {=IFERROR(STDEV(IF((dados!$D$2:$D$55=$A46)*(dados!$N$2:$N$55<>""),dados!$N$2:$N$55)),"")} | I46: =IF(COUNTIFS(dados!$D$2:$D$55,$A46,dados!$N$2:$N$55,"<>")=0,"",_xlfn.MINIFS(dados!$N$2:$N$55,dados!$D$2:$D$55,$A46)) | J46: =IF(COUNTIFS(dados!$D$2:$D$55,$A46,dados!$N$2:$N$55,"<>")=0,"",_xlfn.MAXIFS(dados!$N$2:$N$55,dados!$D$2:$D$55,$A46)) | K46: =IFERROR(J46-I46,"")
A47: Nordeste | B47: Entorno | C47: shopping_porte_1000m | D47: Shoppings de porte até 1000 m (onde o porte foi buscado) | E47: =COUNTIFS(dados!$D$2:$D$55,$A47,dados!$O$2:$O$55,"<>") | F47: =IFERROR(AVERAGEIFS(dados!$O$2:$O$55,dados!$D$2:$D$55,$A47),"") | G47: {=IFERROR(MEDIAN(IF((dados!$D$2:$D$55=$A47)*(dados!$O$2:$O$55<>""),dados!$O$2:$O$55)),"")} | H47: {=IFERROR(STDEV(IF((dados!$D$2:$D$55=$A47)*(dados!$O$2:$O$55<>""),dados!$O$2:$O$55)),"")} | I47: =IF(COUNTIFS(dados!$D$2:$D$55,$A47,dados!$O$2:$O$55,"<>")=0,"",_xlfn.MINIFS(dados!$O$2:$O$55,dados!$D$2:$D$55,$A47)) | J47: =IF(COUNTIFS(dados!$D$2:$D$55,$A47,dados!$O$2:$O$55,"<>")=0,"",_xlfn.MAXIFS(dados!$O$2:$O$55,dados!$D$2:$D$55,$A47)) | K47: =IFERROR(J47-I47,"")
A48: Nordeste | B48: Entorno | C48: dist_shopping_m | D48: Distância ao shopping mais próximo (qualquer porte) | E48: =COUNTIFS(dados!$D$2:$D$55,$A48,dados!$P$2:$P$55,"<>") | F48: =IFERROR(AVERAGEIFS(dados!$P$2:$P$55,dados!$D$2:$D$55,$A48),"") | G48: {=IFERROR(MEDIAN(IF((dados!$D$2:$D$55=$A48)*(dados!$P$2:$P$55<>""),dados!$P$2:$P$55)),"")} | H48: {=IFERROR(STDEV(IF((dados!$D$2:$D$55=$A48)*(dados!$P$2:$P$55<>""),dados!$P$2:$P$55)),"")} | I48: =IF(COUNTIFS(dados!$D$2:$D$55,$A48,dados!$P$2:$P$55,"<>")=0,"",_xlfn.MINIFS(dados!$P$2:$P$55,dados!$D$2:$D$55,$A48)) | J48: =IF(COUNTIFS(dados!$D$2:$D$55,$A48,dados!$P$2:$P$55,"<>")=0,"",_xlfn.MAXIFS(dados!$P$2:$P$55,dados!$D$2:$D$55,$A48)) | K48: =IFERROR(J48-I48,"")
A49: Nordeste | B49: Instagram | C49: seguidores | D49: Seguidores | E49: =COUNTIFS(dados!$D$2:$D$55,$A49,dados!$Q$2:$Q$55,"<>") | F49: =IFERROR(AVERAGEIFS(dados!$Q$2:$Q$55,dados!$D$2:$D$55,$A49),"") | G49: {=IFERROR(MEDIAN(IF((dados!$D$2:$D$55=$A49)*(dados!$Q$2:$Q$55<>""),dados!$Q$2:$Q$55)),"")} | H49: {=IFERROR(STDEV(IF((dados!$D$2:$D$55=$A49)*(dados!$Q$2:$Q$55<>""),dados!$Q$2:$Q$55)),"")} | I49: =IF(COUNTIFS(dados!$D$2:$D$55,$A49,dados!$Q$2:$Q$55,"<>")=0,"",_xlfn.MINIFS(dados!$Q$2:$Q$55,dados!$D$2:$D$55,$A49)) | J49: =IF(COUNTIFS(dados!$D$2:$D$55,$A49,dados!$Q$2:$Q$55,"<>")=0,"",_xlfn.MAXIFS(dados!$Q$2:$Q$55,dados!$D$2:$D$55,$A49)) | K49: =IFERROR(J49-I49,"")
A50: Nordeste | B50: Instagram | C50: n_posts_total | D50: Posts desde a criação do perfil | E50: =COUNTIFS(dados!$D$2:$D$55,$A50,dados!$R$2:$R$55,"<>") | F50: =IFERROR(AVERAGEIFS(dados!$R$2:$R$55,dados!$D$2:$D$55,$A50),"") | G50: {=IFERROR(MEDIAN(IF((dados!$D$2:$D$55=$A50)*(dados!$R$2:$R$55<>""),dados!$R$2:$R$55)),"")} | H50: {=IFERROR(STDEV(IF((dados!$D$2:$D$55=$A50)*(dados!$R$2:$R$55<>""),dados!$R$2:$R$55)),"")} | I50: =IF(COUNTIFS(dados!$D$2:$D$55,$A50,dados!$R$2:$R$55,"<>")=0,"",_xlfn.MINIFS(dados!$R$2:$R$55,dados!$D$2:$D$55,$A50)) | J50: =IF(COUNTIFS(dados!$D$2:$D$55,$A50,dados!$R$2:$R$55,"<>")=0,"",_xlfn.MAXIFS(dados!$R$2:$R$55,dados!$D$2:$D$55,$A50)) | K50: =IFERROR(J50-I50,"")
A51: Nordeste | B51: Instagram | C51: idade_perfil_anos | D51: Idade do perfil (desde o primeiro post até 15/10/2026) | E51: =COUNTIFS(dados!$D$2:$D$55,$A51,dados!$S$2:$S$55,"<>") | F51: =IFERROR(AVERAGEIFS(dados!$S$2:$S$55,dados!$D$2:$D$55,$A51),"") | G51: {=IFERROR(MEDIAN(IF((dados!$D$2:$D$55=$A51)*(dados!$S$2:$S$55<>""),dados!$S$2:$S$55)),"")} | H51: {=IFERROR(STDEV(IF((dados!$D$2:$D$55=$A51)*(dados!$S$2:$S$55<>""),dados!$S$2:$S$55)),"")} | I51: =IF(COUNTIFS(dados!$D$2:$D$55,$A51,dados!$S$2:$S$55,"<>")=0,"",_xlfn.MINIFS(dados!$S$2:$S$55,dados!$D$2:$D$55,$A51)) | J51: =IF(COUNTIFS(dados!$D$2:$D$55,$A51,dados!$S$2:$S$55,"<>")=0,"",_xlfn.MAXIFS(dados!$S$2:$S$55,dados!$D$2:$D$55,$A51)) | K51: =IFERROR(J51-I51,"")
A52: Nordeste | B52: Instagram | C52: n_posts_periodo | D52: Posts de 01/09 a 01/10/2026 | E52: =COUNTIFS(dados!$D$2:$D$55,$A52,dados!$T$2:$T$55,"<>") | F52: =IFERROR(AVERAGEIFS(dados!$T$2:$T$55,dados!$D$2:$D$55,$A52),"") | G52: {=IFERROR(MEDIAN(IF((dados!$D$2:$D$55=$A52)*(dados!$T$2:$T$55<>""),dados!$T$2:$T$55)),"")} | H52: {=IFERROR(STDEV(IF((dados!$D$2:$D$55=$A52)*(dados!$T$2:$T$55<>""),dados!$T$2:$T$55)),"")} | I52: =IF(COUNTIFS(dados!$D$2:$D$55,$A52,dados!$T$2:$T$55,"<>")=0,"",_xlfn.MINIFS(dados!$T$2:$T$55,dados!$D$2:$D$55,$A52)) | J52: =IF(COUNTIFS(dados!$D$2:$D$55,$A52,dados!$T$2:$T$55,"<>")=0,"",_xlfn.MAXIFS(dados!$T$2:$T$55,dados!$D$2:$D$55,$A52)) | K52: =IFERROR(J52-I52,"")
A53: Nordeste | B53: Instagram | C53: curtidas_periodo | D53: Curtidas no período | E53: =COUNTIFS(dados!$D$2:$D$55,$A53,dados!$U$2:$U$55,"<>") | F53: =IFERROR(AVERAGEIFS(dados!$U$2:$U$55,dados!$D$2:$D$55,$A53),"") | G53: {=IFERROR(MEDIAN(IF((dados!$D$2:$D$55=$A53)*(dados!$U$2:$U$55<>""),dados!$U$2:$U$55)),"")} | H53: {=IFERROR(STDEV(IF((dados!$D$2:$D$55=$A53)*(dados!$U$2:$U$55<>""),dados!$U$2:$U$55)),"")} | I53: =IF(COUNTIFS(dados!$D$2:$D$55,$A53,dados!$U$2:$U$55,"<>")=0,"",_xlfn.MINIFS(dados!$U$2:$U$55,dados!$D$2:$D$55,$A53)) | J53: =IF(COUNTIFS(dados!$D$2:$D$55,$A53,dados!$U$2:$U$55,"<>")=0,"",_xlfn.MAXIFS(dados!$U$2:$U$55,dados!$D$2:$D$55,$A53)) | K53: =IFERROR(J53-I53,"")
A54: Nordeste | B54: Instagram | C54: comentarios_periodo | D54: Comentários no período | E54: =COUNTIFS(dados!$D$2:$D$55,$A54,dados!$V$2:$V$55,"<>") | F54: =IFERROR(AVERAGEIFS(dados!$V$2:$V$55,dados!$D$2:$D$55,$A54),"") | G54: {=IFERROR(MEDIAN(IF((dados!$D$2:$D$55=$A54)*(dados!$V$2:$V$55<>""),dados!$V$2:$V$55)),"")} | H54: {=IFERROR(STDEV(IF((dados!$D$2:$D$55=$A54)*(dados!$V$2:$V$55<>""),dados!$V$2:$V$55)),"")} | I54: =IF(COUNTIFS(dados!$D$2:$D$55,$A54,dados!$V$2:$V$55,"<>")=0,"",_xlfn.MINIFS(dados!$V$2:$V$55,dados!$D$2:$D$55,$A54)) | J54: =IF(COUNTIFS(dados!$D$2:$D$55,$A54,dados!$V$2:$V$55,"<>")=0,"",_xlfn.MAXIFS(dados!$V$2:$V$55,dados!$D$2:$D$55,$A54)) | K54: =IFERROR(J54-I54,"")
A55: Nordeste | B55: Instagram | C55: interacoes_por_post | D55: Interações por post no período (curtidas + comentários) | E55: =COUNTIFS(dados!$D$2:$D$55,$A55,dados!$W$2:$W$55,"<>") | F55: =IFERROR(AVERAGEIFS(dados!$W$2:$W$55,dados!$D$2:$D$55,$A55),"") | G55: {=IFERROR(MEDIAN(IF((dados!$D$2:$D$55=$A55)*(dados!$W$2:$W$55<>""),dados!$W$2:$W$55)),"")} | H55: {=IFERROR(STDEV(IF((dados!$D$2:$D$55=$A55)*(dados!$W$2:$W$55<>""),dados!$W$2:$W$55)),"")} | I55: =IF(COUNTIFS(dados!$D$2:$D$55,$A55,dados!$W$2:$W$55,"<>")=0,"",_xlfn.MINIFS(dados!$W$2:$W$55,dados!$D$2:$D$55,$A55)) | J55: =IF(COUNTIFS(dados!$D$2:$D$55,$A55,dados!$W$2:$W$55,"<>")=0,"",_xlfn.MAXIFS(dados!$W$2:$W$55,dados!$D$2:$D$55,$A55)) | K55: =IFERROR(J55-I55,"")
A56: Nordeste | B56: Instagram | C56: engajamento_pct | D56: Taxa de engajamento (interações por post ÷ seguidores) | E56: =COUNTIFS(dados!$D$2:$D$55,$A56,dados!$X$2:$X$55,"<>") | F56: =IFERROR(AVERAGEIFS(dados!$X$2:$X$55,dados!$D$2:$D$55,$A56),"") | G56: {=IFERROR(MEDIAN(IF((dados!$D$2:$D$55=$A56)*(dados!$X$2:$X$55<>""),dados!$X$2:$X$55)),"")} | H56: {=IFERROR(STDEV(IF((dados!$D$2:$D$55=$A56)*(dados!$X$2:$X$55<>""),dados!$X$2:$X$55)),"")} | I56: =IF(COUNTIFS(dados!$D$2:$D$55,$A56,dados!$X$2:$X$55,"<>")=0,"",_xlfn.MINIFS(dados!$X$2:$X$55,dados!$D$2:$D$55,$A56)) | J56: =IF(COUNTIFS(dados!$D$2:$D$55,$A56,dados!$X$2:$X$55,"<>")=0,"",_xlfn.MAXIFS(dados!$X$2:$X$55,dados!$D$2:$D$55,$A56)) | K56: =IFERROR(J56-I56,"")
A57: Nordeste | B57: Cardápio | C57: itens_com_preco | D57: Itens com preço no cardápio | E57: =COUNTIFS(dados!$D$2:$D$55,$A57,dados!$Y$2:$Y$55,"<>") | F57: =IFERROR(AVERAGEIFS(dados!$Y$2:$Y$55,dados!$D$2:$D$55,$A57),"") | G57: {=IFERROR(MEDIAN(IF((dados!$D$2:$D$55=$A57)*(dados!$Y$2:$Y$55<>""),dados!$Y$2:$Y$55)),"")} | H57: {=IFERROR(STDEV(IF((dados!$D$2:$D$55=$A57)*(dados!$Y$2:$Y$55<>""),dados!$Y$2:$Y$55)),"")} | I57: =IF(COUNTIFS(dados!$D$2:$D$55,$A57,dados!$Y$2:$Y$55,"<>")=0,"",_xlfn.MINIFS(dados!$Y$2:$Y$55,dados!$D$2:$D$55,$A57)) | J57: =IF(COUNTIFS(dados!$D$2:$D$55,$A57,dados!$Y$2:$Y$55,"<>")=0,"",_xlfn.MAXIFS(dados!$Y$2:$Y$55,dados!$D$2:$D$55,$A57)) | K57: =IFERROR(J57-I57,"")
A58: Nordeste | B58: Cardápio | C58: couvert_mediana | D58: Couvert ou taxa de jogo (só casas que cobram) | E58: =COUNTIFS(dados!$D$2:$D$55,$A58,dados!$Z$2:$Z$55,"<>") | F58: =IFERROR(AVERAGEIFS(dados!$Z$2:$Z$55,dados!$D$2:$D$55,$A58),"") | G58: {=IFERROR(MEDIAN(IF((dados!$D$2:$D$55=$A58)*(dados!$Z$2:$Z$55<>""),dados!$Z$2:$Z$55)),"")} | H58: {=IFERROR(STDEV(IF((dados!$D$2:$D$55=$A58)*(dados!$Z$2:$Z$55<>""),dados!$Z$2:$Z$55)),"")} | I58: =IF(COUNTIFS(dados!$D$2:$D$55,$A58,dados!$Z$2:$Z$55,"<>")=0,"",_xlfn.MINIFS(dados!$Z$2:$Z$55,dados!$D$2:$D$55,$A58)) | J58: =IF(COUNTIFS(dados!$D$2:$D$55,$A58,dados!$Z$2:$Z$55,"<>")=0,"",_xlfn.MAXIFS(dados!$Z$2:$Z$55,dados!$D$2:$D$55,$A58)) | K58: =IFERROR(J58-I58,"")
A59: Nordeste | B59: Cardápio | C59: bebida_mediana | D59: Bebida, mediana do cardápio | E59: =COUNTIFS(dados!$D$2:$D$55,$A59,dados!$AA$2:$AA$55,"<>") | F59: =IFERROR(AVERAGEIFS(dados!$AA$2:$AA$55,dados!$D$2:$D$55,$A59),"") | G59: {=IFERROR(MEDIAN(IF((dados!$D$2:$D$55=$A59)*(dados!$AA$2:$AA$55<>""),dados!$AA$2:$AA$55)),"")} | H59: {=IFERROR(STDEV(IF((dados!$D$2:$D$55=$A59)*(dados!$AA$2:$AA$55<>""),dados!$AA$2:$AA$55)),"")} | I59: =IF(COUNTIFS(dados!$D$2:$D$55,$A59,dados!$AA$2:$AA$55,"<>")=0,"",_xlfn.MINIFS(dados!$AA$2:$AA$55,dados!$D$2:$D$55,$A59)) | J59: =IF(COUNTIFS(dados!$D$2:$D$55,$A59,dados!$AA$2:$AA$55,"<>")=0,"",_xlfn.MAXIFS(dados!$AA$2:$AA$55,dados!$D$2:$D$55,$A59)) | K59: =IFERROR(J59-I59,"")
A60: Nordeste | B60: Cardápio | C60: entrada_ou_prato_mediana | D60: Entrada ou prato, mediana do cardápio | E60: =COUNTIFS(dados!$D$2:$D$55,$A60,dados!$AB$2:$AB$55,"<>") | F60: =IFERROR(AVERAGEIFS(dados!$AB$2:$AB$55,dados!$D$2:$D$55,$A60),"") | G60: {=IFERROR(MEDIAN(IF((dados!$D$2:$D$55=$A60)*(dados!$AB$2:$AB$55<>""),dados!$AB$2:$AB$55)),"")} | H60: {=IFERROR(STDEV(IF((dados!$D$2:$D$55=$A60)*(dados!$AB$2:$AB$55<>""),dados!$AB$2:$AB$55)),"")} | I60: =IF(COUNTIFS(dados!$D$2:$D$55,$A60,dados!$AB$2:$AB$55,"<>")=0,"",_xlfn.MINIFS(dados!$AB$2:$AB$55,dados!$D$2:$D$55,$A60)) | J60: =IF(COUNTIFS(dados!$D$2:$D$55,$A60,dados!$AB$2:$AB$55,"<>")=0,"",_xlfn.MAXIFS(dados!$AB$2:$AB$55,dados!$D$2:$D$55,$A60)) | K60: =IFERROR(J60-I60,"")
A61: Nordeste | B61: Cardápio | C61: cesta_baixa | D61: Cesta por pessoa, nível baixo (P25) | E61: =COUNTIFS(dados!$D$2:$D$55,$A61,dados!$AC$2:$AC$55,"<>") | F61: =IFERROR(AVERAGEIFS(dados!$AC$2:$AC$55,dados!$D$2:$D$55,$A61),"") | G61: {=IFERROR(MEDIAN(IF((dados!$D$2:$D$55=$A61)*(dados!$AC$2:$AC$55<>""),dados!$AC$2:$AC$55)),"")} | H61: {=IFERROR(STDEV(IF((dados!$D$2:$D$55=$A61)*(dados!$AC$2:$AC$55<>""),dados!$AC$2:$AC$55)),"")} | I61: =IF(COUNTIFS(dados!$D$2:$D$55,$A61,dados!$AC$2:$AC$55,"<>")=0,"",_xlfn.MINIFS(dados!$AC$2:$AC$55,dados!$D$2:$D$55,$A61)) | J61: =IF(COUNTIFS(dados!$D$2:$D$55,$A61,dados!$AC$2:$AC$55,"<>")=0,"",_xlfn.MAXIFS(dados!$AC$2:$AC$55,dados!$D$2:$D$55,$A61)) | K61: =IFERROR(J61-I61,"")
A62: Nordeste | B62: Cardápio | C62: cesta_mediana | D62: Cesta por pessoa, nível mediano | E62: =COUNTIFS(dados!$D$2:$D$55,$A62,dados!$AD$2:$AD$55,"<>") | F62: =IFERROR(AVERAGEIFS(dados!$AD$2:$AD$55,dados!$D$2:$D$55,$A62),"") | G62: {=IFERROR(MEDIAN(IF((dados!$D$2:$D$55=$A62)*(dados!$AD$2:$AD$55<>""),dados!$AD$2:$AD$55)),"")} | H62: {=IFERROR(STDEV(IF((dados!$D$2:$D$55=$A62)*(dados!$AD$2:$AD$55<>""),dados!$AD$2:$AD$55)),"")} | I62: =IF(COUNTIFS(dados!$D$2:$D$55,$A62,dados!$AD$2:$AD$55,"<>")=0,"",_xlfn.MINIFS(dados!$AD$2:$AD$55,dados!$D$2:$D$55,$A62)) | J62: =IF(COUNTIFS(dados!$D$2:$D$55,$A62,dados!$AD$2:$AD$55,"<>")=0,"",_xlfn.MAXIFS(dados!$AD$2:$AD$55,dados!$D$2:$D$55,$A62)) | K62: =IFERROR(J62-I62,"")
A63: Nordeste | B63: Cardápio | C63: cesta_alta | D63: Cesta por pessoa, nível alto (P75) | E63: =COUNTIFS(dados!$D$2:$D$55,$A63,dados!$AE$2:$AE$55,"<>") | F63: =IFERROR(AVERAGEIFS(dados!$AE$2:$AE$55,dados!$D$2:$D$55,$A63),"") | G63: {=IFERROR(MEDIAN(IF((dados!$D$2:$D$55=$A63)*(dados!$AE$2:$AE$55<>""),dados!$AE$2:$AE$55)),"")} | H63: {=IFERROR(STDEV(IF((dados!$D$2:$D$55=$A63)*(dados!$AE$2:$AE$55<>""),dados!$AE$2:$AE$55)),"")} | I63: =IF(COUNTIFS(dados!$D$2:$D$55,$A63,dados!$AE$2:$AE$55,"<>")=0,"",_xlfn.MINIFS(dados!$AE$2:$AE$55,dados!$D$2:$D$55,$A63)) | J63: =IF(COUNTIFS(dados!$D$2:$D$55,$A63,dados!$AE$2:$AE$55,"<>")=0,"",_xlfn.MAXIFS(dados!$AE$2:$AE$55,dados!$D$2:$D$55,$A63)) | K63: =IFERROR(J63-I63,"")
A64: Nordeste | B64: Cardápio | C64: hamburguer_mediana | D64: Hambúrguer, mediana | E64: =COUNTIFS(dados!$D$2:$D$55,$A64,dados!$AF$2:$AF$55,"<>") | F64: =IFERROR(AVERAGEIFS(dados!$AF$2:$AF$55,dados!$D$2:$D$55,$A64),"") | G64: {=IFERROR(MEDIAN(IF((dados!$D$2:$D$55=$A64)*(dados!$AF$2:$AF$55<>""),dados!$AF$2:$AF$55)),"")} | H64: {=IFERROR(STDEV(IF((dados!$D$2:$D$55=$A64)*(dados!$AF$2:$AF$55<>""),dados!$AF$2:$AF$55)),"")} | I64: =IF(COUNTIFS(dados!$D$2:$D$55,$A64,dados!$AF$2:$AF$55,"<>")=0,"",_xlfn.MINIFS(dados!$AF$2:$AF$55,dados!$D$2:$D$55,$A64)) | J64: =IF(COUNTIFS(dados!$D$2:$D$55,$A64,dados!$AF$2:$AF$55,"<>")=0,"",_xlfn.MAXIFS(dados!$AF$2:$AF$55,dados!$D$2:$D$55,$A64)) | K64: =IFERROR(J64-I64,"")
A65: Nordeste | B65: Cardápio | C65: batata_mediana | D65: Batata, mediana | E65: =COUNTIFS(dados!$D$2:$D$55,$A65,dados!$AG$2:$AG$55,"<>") | F65: =IFERROR(AVERAGEIFS(dados!$AG$2:$AG$55,dados!$D$2:$D$55,$A65),"") | G65: {=IFERROR(MEDIAN(IF((dados!$D$2:$D$55=$A65)*(dados!$AG$2:$AG$55<>""),dados!$AG$2:$AG$55)),"")} | H65: {=IFERROR(STDEV(IF((dados!$D$2:$D$55=$A65)*(dados!$AG$2:$AG$55<>""),dados!$AG$2:$AG$55)),"")} | I65: =IF(COUNTIFS(dados!$D$2:$D$55,$A65,dados!$AG$2:$AG$55,"<>")=0,"",_xlfn.MINIFS(dados!$AG$2:$AG$55,dados!$D$2:$D$55,$A65)) | J65: =IF(COUNTIFS(dados!$D$2:$D$55,$A65,dados!$AG$2:$AG$55,"<>")=0,"",_xlfn.MAXIFS(dados!$AG$2:$AG$55,dados!$D$2:$D$55,$A65)) | K65: =IFERROR(J65-I65,"")
A66: Nordeste | B66: Cardápio | C66: cerveja_mediana | D66: Cerveja, mediana | E66: =COUNTIFS(dados!$D$2:$D$55,$A66,dados!$AH$2:$AH$55,"<>") | F66: =IFERROR(AVERAGEIFS(dados!$AH$2:$AH$55,dados!$D$2:$D$55,$A66),"") | G66: {=IFERROR(MEDIAN(IF((dados!$D$2:$D$55=$A66)*(dados!$AH$2:$AH$55<>""),dados!$AH$2:$AH$55)),"")} | H66: {=IFERROR(STDEV(IF((dados!$D$2:$D$55=$A66)*(dados!$AH$2:$AH$55<>""),dados!$AH$2:$AH$55)),"")} | I66: =IF(COUNTIFS(dados!$D$2:$D$55,$A66,dados!$AH$2:$AH$55,"<>")=0,"",_xlfn.MINIFS(dados!$AH$2:$AH$55,dados!$D$2:$D$55,$A66)) | J66: =IF(COUNTIFS(dados!$D$2:$D$55,$A66,dados!$AH$2:$AH$55,"<>")=0,"",_xlfn.MAXIFS(dados!$AH$2:$AH$55,dados!$D$2:$D$55,$A66)) | K66: =IFERROR(J66-I66,"")
A67: Nordeste | B67: Cardápio | C67: refrigerante_mediana | D67: Refrigerante, mediana | E67: =COUNTIFS(dados!$D$2:$D$55,$A67,dados!$AI$2:$AI$55,"<>") | F67: =IFERROR(AVERAGEIFS(dados!$AI$2:$AI$55,dados!$D$2:$D$55,$A67),"") | G67: {=IFERROR(MEDIAN(IF((dados!$D$2:$D$55=$A67)*(dados!$AI$2:$AI$55<>""),dados!$AI$2:$AI$55)),"")} | H67: {=IFERROR(STDEV(IF((dados!$D$2:$D$55=$A67)*(dados!$AI$2:$AI$55<>""),dados!$AI$2:$AI$55)),"")} | I67: =IF(COUNTIFS(dados!$D$2:$D$55,$A67,dados!$AI$2:$AI$55,"<>")=0,"",_xlfn.MINIFS(dados!$AI$2:$AI$55,dados!$D$2:$D$55,$A67)) | J67: =IF(COUNTIFS(dados!$D$2:$D$55,$A67,dados!$AI$2:$AI$55,"<>")=0,"",_xlfn.MAXIFS(dados!$AI$2:$AI$55,dados!$D$2:$D$55,$A67)) | K67: =IFERROR(J67-I67,"")
A68: Nordeste | B68: Cardápio | C68: drinks_mediana | D68: Drinks, mediana | E68: =COUNTIFS(dados!$D$2:$D$55,$A68,dados!$AJ$2:$AJ$55,"<>") | F68: =IFERROR(AVERAGEIFS(dados!$AJ$2:$AJ$55,dados!$D$2:$D$55,$A68),"") | G68: {=IFERROR(MEDIAN(IF((dados!$D$2:$D$55=$A68)*(dados!$AJ$2:$AJ$55<>""),dados!$AJ$2:$AJ$55)),"")} | H68: {=IFERROR(STDEV(IF((dados!$D$2:$D$55=$A68)*(dados!$AJ$2:$AJ$55<>""),dados!$AJ$2:$AJ$55)),"")} | I68: =IF(COUNTIFS(dados!$D$2:$D$55,$A68,dados!$AJ$2:$AJ$55,"<>")=0,"",_xlfn.MINIFS(dados!$AJ$2:$AJ$55,dados!$D$2:$D$55,$A68)) | J68: =IF(COUNTIFS(dados!$D$2:$D$55,$A68,dados!$AJ$2:$AJ$55,"<>")=0,"",_xlfn.MAXIFS(dados!$AJ$2:$AJ$55,dados!$D$2:$D$55,$A68)) | K68: =IFERROR(J68-I68,"")
A69: Nordeste | B69: Acervo | C69: titulos_acervo | D69: Títulos no acervo publicado | E69: =COUNTIFS(dados!$D$2:$D$55,$A69,dados!$AK$2:$AK$55,"<>") | F69: =IFERROR(AVERAGEIFS(dados!$AK$2:$AK$55,dados!$D$2:$D$55,$A69),"") | G69: {=IFERROR(MEDIAN(IF((dados!$D$2:$D$55=$A69)*(dados!$AK$2:$AK$55<>""),dados!$AK$2:$AK$55)),"")} | H69: {=IFERROR(STDEV(IF((dados!$D$2:$D$55=$A69)*(dados!$AK$2:$AK$55<>""),dados!$AK$2:$AK$55)),"")} | I69: =IF(COUNTIFS(dados!$D$2:$D$55,$A69,dados!$AK$2:$AK$55,"<>")=0,"",_xlfn.MINIFS(dados!$AK$2:$AK$55,dados!$D$2:$D$55,$A69)) | J69: =IF(COUNTIFS(dados!$D$2:$D$55,$A69,dados!$AK$2:$AK$55,"<>")=0,"",_xlfn.MAXIFS(dados!$AK$2:$AK$55,dados!$D$2:$D$55,$A69)) | K69: =IFERROR(J69-I69,"")
A70: Nordeste | B70: B2 | C70: avaliacoes_b2 | D70: Avaliações no recorte do B2 (até '3 meses atrás') | E70: =COUNTIFS(dados!$D$2:$D$55,$A70,dados!$AL$2:$AL$55,"<>") | F70: =IFERROR(AVERAGEIFS(dados!$AL$2:$AL$55,dados!$D$2:$D$55,$A70),"") | G70: {=IFERROR(MEDIAN(IF((dados!$D$2:$D$55=$A70)*(dados!$AL$2:$AL$55<>""),dados!$AL$2:$AL$55)),"")} | H70: {=IFERROR(STDEV(IF((dados!$D$2:$D$55=$A70)*(dados!$AL$2:$AL$55<>""),dados!$AL$2:$AL$55)),"")} | I70: =IF(COUNTIFS(dados!$D$2:$D$55,$A70,dados!$AL$2:$AL$55,"<>")=0,"",_xlfn.MINIFS(dados!$AL$2:$AL$55,dados!$D$2:$D$55,$A70)) | J70: =IF(COUNTIFS(dados!$D$2:$D$55,$A70,dados!$AL$2:$AL$55,"<>")=0,"",_xlfn.MAXIFS(dados!$AL$2:$AL$55,dados!$D$2:$D$55,$A70)) | K70: =IFERROR(J70-I70,"")
A71: Nordeste | B71: B2 | C71: avaliacoes_b2_com_texto | D71: Dessas, com texto | E71: =COUNTIFS(dados!$D$2:$D$55,$A71,dados!$AM$2:$AM$55,"<>") | F71: =IFERROR(AVERAGEIFS(dados!$AM$2:$AM$55,dados!$D$2:$D$55,$A71),"") | G71: {=IFERROR(MEDIAN(IF((dados!$D$2:$D$55=$A71)*(dados!$AM$2:$AM$55<>""),dados!$AM$2:$AM$55)),"")} | H71: {=IFERROR(STDEV(IF((dados!$D$2:$D$55=$A71)*(dados!$AM$2:$AM$55<>""),dados!$AM$2:$AM$55)),"")} | I71: =IF(COUNTIFS(dados!$D$2:$D$55,$A71,dados!$AM$2:$AM$55,"<>")=0,"",_xlfn.MINIFS(dados!$AM$2:$AM$55,dados!$D$2:$D$55,$A71)) | J71: =IF(COUNTIFS(dados!$D$2:$D$55,$A71,dados!$AM$2:$AM$55,"<>")=0,"",_xlfn.MAXIFS(dados!$AM$2:$AM$55,dados!$D$2:$D$55,$A71)) | K71: =IFERROR(J71-I71,"")
A72: Centro-Oeste | B72: Google Maps | C72: avaliacao_media | D72: Nota média no Google | E72: =COUNTIFS(dados!$D$2:$D$55,$A72,dados!$E$2:$E$55,"<>") | F72: =IFERROR(AVERAGEIFS(dados!$E$2:$E$55,dados!$D$2:$D$55,$A72),"") | G72: {=IFERROR(MEDIAN(IF((dados!$D$2:$D$55=$A72)*(dados!$E$2:$E$55<>""),dados!$E$2:$E$55)),"")} | H72: {=IFERROR(STDEV(IF((dados!$D$2:$D$55=$A72)*(dados!$E$2:$E$55<>""),dados!$E$2:$E$55)),"")} | I72: =IF(COUNTIFS(dados!$D$2:$D$55,$A72,dados!$E$2:$E$55,"<>")=0,"",_xlfn.MINIFS(dados!$E$2:$E$55,dados!$D$2:$D$55,$A72)) | J72: =IF(COUNTIFS(dados!$D$2:$D$55,$A72,dados!$E$2:$E$55,"<>")=0,"",_xlfn.MAXIFS(dados!$E$2:$E$55,dados!$D$2:$D$55,$A72)) | K72: =IFERROR(J72-I72,"")
A73: Centro-Oeste | B73: Google Maps | C73: volume_avaliacoes | D73: Nº de avaliações no Google | E73: =COUNTIFS(dados!$D$2:$D$55,$A73,dados!$F$2:$F$55,"<>") | F73: =IFERROR(AVERAGEIFS(dados!$F$2:$F$55,dados!$D$2:$D$55,$A73),"") | G73: {=IFERROR(MEDIAN(IF((dados!$D$2:$D$55=$A73)*(dados!$F$2:$F$55<>""),dados!$F$2:$F$55)),"")} | H73: {=IFERROR(STDEV(IF((dados!$D$2:$D$55=$A73)*(dados!$F$2:$F$55<>""),dados!$F$2:$F$55)),"")} | I73: =IF(COUNTIFS(dados!$D$2:$D$55,$A73,dados!$F$2:$F$55,"<>")=0,"",_xlfn.MINIFS(dados!$F$2:$F$55,dados!$D$2:$D$55,$A73)) | J73: =IF(COUNTIFS(dados!$D$2:$D$55,$A73,dados!$F$2:$F$55,"<>")=0,"",_xlfn.MAXIFS(dados!$F$2:$F$55,dados!$D$2:$D$55,$A73)) | K73: =IFERROR(J73-I73,"")
A74: Centro-Oeste | B74: Horários | C74: dias_abertos | D74: Dias abertos por semana | E74: =COUNTIFS(dados!$D$2:$D$55,$A74,dados!$G$2:$G$55,"<>") | F74: =IFERROR(AVERAGEIFS(dados!$G$2:$G$55,dados!$D$2:$D$55,$A74),"") | G74: {=IFERROR(MEDIAN(IF((dados!$D$2:$D$55=$A74)*(dados!$G$2:$G$55<>""),dados!$G$2:$G$55)),"")} | H74: {=IFERROR(STDEV(IF((dados!$D$2:$D$55=$A74)*(dados!$G$2:$G$55<>""),dados!$G$2:$G$55)),"")} | I74: =IF(COUNTIFS(dados!$D$2:$D$55,$A74,dados!$G$2:$G$55,"<>")=0,"",_xlfn.MINIFS(dados!$G$2:$G$55,dados!$D$2:$D$55,$A74)) | J74: =IF(COUNTIFS(dados!$D$2:$D$55,$A74,dados!$G$2:$G$55,"<>")=0,"",_xlfn.MAXIFS(dados!$G$2:$G$55,dados!$D$2:$D$55,$A74)) | K74: =IFERROR(J74-I74,"")
A75: Centro-Oeste | B75: Horários | C75: horas_semana | D75: Horas abertas por semana | E75: =COUNTIFS(dados!$D$2:$D$55,$A75,dados!$H$2:$H$55,"<>") | F75: =IFERROR(AVERAGEIFS(dados!$H$2:$H$55,dados!$D$2:$D$55,$A75),"") | G75: {=IFERROR(MEDIAN(IF((dados!$D$2:$D$55=$A75)*(dados!$H$2:$H$55<>""),dados!$H$2:$H$55)),"")} | H75: {=IFERROR(STDEV(IF((dados!$D$2:$D$55=$A75)*(dados!$H$2:$H$55<>""),dados!$H$2:$H$55)),"")} | I75: =IF(COUNTIFS(dados!$D$2:$D$55,$A75,dados!$H$2:$H$55,"<>")=0,"",_xlfn.MINIFS(dados!$H$2:$H$55,dados!$D$2:$D$55,$A75)) | J75: =IF(COUNTIFS(dados!$D$2:$D$55,$A75,dados!$H$2:$H$55,"<>")=0,"",_xlfn.MAXIFS(dados!$H$2:$H$55,dados!$D$2:$D$55,$A75)) | K75: =IFERROR(J75-I75,"")
A76: Centro-Oeste | B76: Horários | C76: abre_cedo_h | D76: Abertura mais cedo da semana | E76: =COUNTIFS(dados!$D$2:$D$55,$A76,dados!$I$2:$I$55,"<>") | F76: =IFERROR(AVERAGEIFS(dados!$I$2:$I$55,dados!$D$2:$D$55,$A76),"") | G76: {=IFERROR(MEDIAN(IF((dados!$D$2:$D$55=$A76)*(dados!$I$2:$I$55<>""),dados!$I$2:$I$55)),"")} | H76: {=IFERROR(STDEV(IF((dados!$D$2:$D$55=$A76)*(dados!$I$2:$I$55<>""),dados!$I$2:$I$55)),"")} | I76: =IF(COUNTIFS(dados!$D$2:$D$55,$A76,dados!$I$2:$I$55,"<>")=0,"",_xlfn.MINIFS(dados!$I$2:$I$55,dados!$D$2:$D$55,$A76)) | J76: =IF(COUNTIFS(dados!$D$2:$D$55,$A76,dados!$I$2:$I$55,"<>")=0,"",_xlfn.MAXIFS(dados!$I$2:$I$55,dados!$D$2:$D$55,$A76)) | K76: =IFERROR(J76-I76,"")
A77: Centro-Oeste | B77: Horários | C77: fecha_tarde_h | D77: Fechamento mais tarde da semana (25 = 1h da manhã) | E77: =COUNTIFS(dados!$D$2:$D$55,$A77,dados!$J$2:$J$55,"<>") | F77: =IFERROR(AVERAGEIFS(dados!$J$2:$J$55,dados!$D$2:$D$55,$A77),"") | G77: {=IFERROR(MEDIAN(IF((dados!$D$2:$D$55=$A77)*(dados!$J$2:$J$55<>""),dados!$J$2:$J$55)),"")} | H77: {=IFERROR(STDEV(IF((dados!$D$2:$D$55=$A77)*(dados!$J$2:$J$55<>""),dados!$J$2:$J$55)),"")} | I77: =IF(COUNTIFS(dados!$D$2:$D$55,$A77,dados!$J$2:$J$55,"<>")=0,"",_xlfn.MINIFS(dados!$J$2:$J$55,dados!$D$2:$D$55,$A77)) | J77: =IF(COUNTIFS(dados!$D$2:$D$55,$A77,dados!$J$2:$J$55,"<>")=0,"",_xlfn.MAXIFS(dados!$J$2:$J$55,dados!$D$2:$D$55,$A77)) | K77: =IFERROR(J77-I77,"")
A78: Centro-Oeste | B78: Entorno | C78: metro_500m | D78: Estações de metrô até 500 m | E78: =COUNTIFS(dados!$D$2:$D$55,$A78,dados!$K$2:$K$55,"<>") | F78: =IFERROR(AVERAGEIFS(dados!$K$2:$K$55,dados!$D$2:$D$55,$A78),"") | G78: {=IFERROR(MEDIAN(IF((dados!$D$2:$D$55=$A78)*(dados!$K$2:$K$55<>""),dados!$K$2:$K$55)),"")} | H78: {=IFERROR(STDEV(IF((dados!$D$2:$D$55=$A78)*(dados!$K$2:$K$55<>""),dados!$K$2:$K$55)),"")} | I78: =IF(COUNTIFS(dados!$D$2:$D$55,$A78,dados!$K$2:$K$55,"<>")=0,"",_xlfn.MINIFS(dados!$K$2:$K$55,dados!$D$2:$D$55,$A78)) | J78: =IF(COUNTIFS(dados!$D$2:$D$55,$A78,dados!$K$2:$K$55,"<>")=0,"",_xlfn.MAXIFS(dados!$K$2:$K$55,dados!$D$2:$D$55,$A78)) | K78: =IFERROR(J78-I78,"")
A79: Centro-Oeste | B79: Entorno | C79: metro_1000m | D79: Estações de metrô até 1000 m | E79: =COUNTIFS(dados!$D$2:$D$55,$A79,dados!$L$2:$L$55,"<>") | F79: =IFERROR(AVERAGEIFS(dados!$L$2:$L$55,dados!$D$2:$D$55,$A79),"") | G79: {=IFERROR(MEDIAN(IF((dados!$D$2:$D$55=$A79)*(dados!$L$2:$L$55<>""),dados!$L$2:$L$55)),"")} | H79: {=IFERROR(STDEV(IF((dados!$D$2:$D$55=$A79)*(dados!$L$2:$L$55<>""),dados!$L$2:$L$55)),"")} | I79: =IF(COUNTIFS(dados!$D$2:$D$55,$A79,dados!$L$2:$L$55,"<>")=0,"",_xlfn.MINIFS(dados!$L$2:$L$55,dados!$D$2:$D$55,$A79)) | J79: =IF(COUNTIFS(dados!$D$2:$D$55,$A79,dados!$L$2:$L$55,"<>")=0,"",_xlfn.MAXIFS(dados!$L$2:$L$55,dados!$D$2:$D$55,$A79)) | K79: =IFERROR(J79-I79,"")
A80: Centro-Oeste | B80: Entorno | C80: dist_metro_m | D80: Distância à estação de metrô mais próxima | E80: =COUNTIFS(dados!$D$2:$D$55,$A80,dados!$M$2:$M$55,"<>") | F80: =IFERROR(AVERAGEIFS(dados!$M$2:$M$55,dados!$D$2:$D$55,$A80),"") | G80: {=IFERROR(MEDIAN(IF((dados!$D$2:$D$55=$A80)*(dados!$M$2:$M$55<>""),dados!$M$2:$M$55)),"")} | H80: {=IFERROR(STDEV(IF((dados!$D$2:$D$55=$A80)*(dados!$M$2:$M$55<>""),dados!$M$2:$M$55)),"")} | I80: =IF(COUNTIFS(dados!$D$2:$D$55,$A80,dados!$M$2:$M$55,"<>")=0,"",_xlfn.MINIFS(dados!$M$2:$M$55,dados!$D$2:$D$55,$A80)) | J80: =IF(COUNTIFS(dados!$D$2:$D$55,$A80,dados!$M$2:$M$55,"<>")=0,"",_xlfn.MAXIFS(dados!$M$2:$M$55,dados!$D$2:$D$55,$A80)) | K80: =IFERROR(J80-I80,"")
A81: Centro-Oeste | B81: Entorno | C81: shopping_porte_500m | D81: Shoppings de porte até 500 m (onde o porte foi buscado) | E81: =COUNTIFS(dados!$D$2:$D$55,$A81,dados!$N$2:$N$55,"<>") | F81: =IFERROR(AVERAGEIFS(dados!$N$2:$N$55,dados!$D$2:$D$55,$A81),"") | G81: {=IFERROR(MEDIAN(IF((dados!$D$2:$D$55=$A81)*(dados!$N$2:$N$55<>""),dados!$N$2:$N$55)),"")} | H81: {=IFERROR(STDEV(IF((dados!$D$2:$D$55=$A81)*(dados!$N$2:$N$55<>""),dados!$N$2:$N$55)),"")} | I81: =IF(COUNTIFS(dados!$D$2:$D$55,$A81,dados!$N$2:$N$55,"<>")=0,"",_xlfn.MINIFS(dados!$N$2:$N$55,dados!$D$2:$D$55,$A81)) | J81: =IF(COUNTIFS(dados!$D$2:$D$55,$A81,dados!$N$2:$N$55,"<>")=0,"",_xlfn.MAXIFS(dados!$N$2:$N$55,dados!$D$2:$D$55,$A81)) | K81: =IFERROR(J81-I81,"")
A82: Centro-Oeste | B82: Entorno | C82: shopping_porte_1000m | D82: Shoppings de porte até 1000 m (onde o porte foi buscado) | E82: =COUNTIFS(dados!$D$2:$D$55,$A82,dados!$O$2:$O$55,"<>") | F82: =IFERROR(AVERAGEIFS(dados!$O$2:$O$55,dados!$D$2:$D$55,$A82),"") | G82: {=IFERROR(MEDIAN(IF((dados!$D$2:$D$55=$A82)*(dados!$O$2:$O$55<>""),dados!$O$2:$O$55)),"")} | H82: {=IFERROR(STDEV(IF((dados!$D$2:$D$55=$A82)*(dados!$O$2:$O$55<>""),dados!$O$2:$O$55)),"")} | I82: =IF(COUNTIFS(dados!$D$2:$D$55,$A82,dados!$O$2:$O$55,"<>")=0,"",_xlfn.MINIFS(dados!$O$2:$O$55,dados!$D$2:$D$55,$A82)) | J82: =IF(COUNTIFS(dados!$D$2:$D$55,$A82,dados!$O$2:$O$55,"<>")=0,"",_xlfn.MAXIFS(dados!$O$2:$O$55,dados!$D$2:$D$55,$A82)) | K82: =IFERROR(J82-I82,"")
A83: Centro-Oeste | B83: Entorno | C83: dist_shopping_m | D83: Distância ao shopping mais próximo (qualquer porte) | E83: =COUNTIFS(dados!$D$2:$D$55,$A83,dados!$P$2:$P$55,"<>") | F83: =IFERROR(AVERAGEIFS(dados!$P$2:$P$55,dados!$D$2:$D$55,$A83),"") | G83: {=IFERROR(MEDIAN(IF((dados!$D$2:$D$55=$A83)*(dados!$P$2:$P$55<>""),dados!$P$2:$P$55)),"")} | H83: {=IFERROR(STDEV(IF((dados!$D$2:$D$55=$A83)*(dados!$P$2:$P$55<>""),dados!$P$2:$P$55)),"")} | I83: =IF(COUNTIFS(dados!$D$2:$D$55,$A83,dados!$P$2:$P$55,"<>")=0,"",_xlfn.MINIFS(dados!$P$2:$P$55,dados!$D$2:$D$55,$A83)) | J83: =IF(COUNTIFS(dados!$D$2:$D$55,$A83,dados!$P$2:$P$55,"<>")=0,"",_xlfn.MAXIFS(dados!$P$2:$P$55,dados!$D$2:$D$55,$A83)) | K83: =IFERROR(J83-I83,"")
A84: Centro-Oeste | B84: Instagram | C84: seguidores | D84: Seguidores | E84: =COUNTIFS(dados!$D$2:$D$55,$A84,dados!$Q$2:$Q$55,"<>") | F84: =IFERROR(AVERAGEIFS(dados!$Q$2:$Q$55,dados!$D$2:$D$55,$A84),"") | G84: {=IFERROR(MEDIAN(IF((dados!$D$2:$D$55=$A84)*(dados!$Q$2:$Q$55<>""),dados!$Q$2:$Q$55)),"")} | H84: {=IFERROR(STDEV(IF((dados!$D$2:$D$55=$A84)*(dados!$Q$2:$Q$55<>""),dados!$Q$2:$Q$55)),"")} | I84: =IF(COUNTIFS(dados!$D$2:$D$55,$A84,dados!$Q$2:$Q$55,"<>")=0,"",_xlfn.MINIFS(dados!$Q$2:$Q$55,dados!$D$2:$D$55,$A84)) | J84: =IF(COUNTIFS(dados!$D$2:$D$55,$A84,dados!$Q$2:$Q$55,"<>")=0,"",_xlfn.MAXIFS(dados!$Q$2:$Q$55,dados!$D$2:$D$55,$A84)) | K84: =IFERROR(J84-I84,"")
A85: Centro-Oeste | B85: Instagram | C85: n_posts_total | D85: Posts desde a criação do perfil | E85: =COUNTIFS(dados!$D$2:$D$55,$A85,dados!$R$2:$R$55,"<>") | F85: =IFERROR(AVERAGEIFS(dados!$R$2:$R$55,dados!$D$2:$D$55,$A85),"") | G85: {=IFERROR(MEDIAN(IF((dados!$D$2:$D$55=$A85)*(dados!$R$2:$R$55<>""),dados!$R$2:$R$55)),"")} | H85: {=IFERROR(STDEV(IF((dados!$D$2:$D$55=$A85)*(dados!$R$2:$R$55<>""),dados!$R$2:$R$55)),"")} | I85: =IF(COUNTIFS(dados!$D$2:$D$55,$A85,dados!$R$2:$R$55,"<>")=0,"",_xlfn.MINIFS(dados!$R$2:$R$55,dados!$D$2:$D$55,$A85)) | J85: =IF(COUNTIFS(dados!$D$2:$D$55,$A85,dados!$R$2:$R$55,"<>")=0,"",_xlfn.MAXIFS(dados!$R$2:$R$55,dados!$D$2:$D$55,$A85)) | K85: =IFERROR(J85-I85,"")
A86: Centro-Oeste | B86: Instagram | C86: idade_perfil_anos | D86: Idade do perfil (desde o primeiro post até 15/10/2026) | E86: =COUNTIFS(dados!$D$2:$D$55,$A86,dados!$S$2:$S$55,"<>") | F86: =IFERROR(AVERAGEIFS(dados!$S$2:$S$55,dados!$D$2:$D$55,$A86),"") | G86: {=IFERROR(MEDIAN(IF((dados!$D$2:$D$55=$A86)*(dados!$S$2:$S$55<>""),dados!$S$2:$S$55)),"")} | H86: {=IFERROR(STDEV(IF((dados!$D$2:$D$55=$A86)*(dados!$S$2:$S$55<>""),dados!$S$2:$S$55)),"")} | I86: =IF(COUNTIFS(dados!$D$2:$D$55,$A86,dados!$S$2:$S$55,"<>")=0,"",_xlfn.MINIFS(dados!$S$2:$S$55,dados!$D$2:$D$55,$A86)) | J86: =IF(COUNTIFS(dados!$D$2:$D$55,$A86,dados!$S$2:$S$55,"<>")=0,"",_xlfn.MAXIFS(dados!$S$2:$S$55,dados!$D$2:$D$55,$A86)) | K86: =IFERROR(J86-I86,"")
A87: Centro-Oeste | B87: Instagram | C87: n_posts_periodo | D87: Posts de 01/09 a 01/10/2026 | E87: =COUNTIFS(dados!$D$2:$D$55,$A87,dados!$T$2:$T$55,"<>") | F87: =IFERROR(AVERAGEIFS(dados!$T$2:$T$55,dados!$D$2:$D$55,$A87),"") | G87: {=IFERROR(MEDIAN(IF((dados!$D$2:$D$55=$A87)*(dados!$T$2:$T$55<>""),dados!$T$2:$T$55)),"")} | H87: {=IFERROR(STDEV(IF((dados!$D$2:$D$55=$A87)*(dados!$T$2:$T$55<>""),dados!$T$2:$T$55)),"")} | I87: =IF(COUNTIFS(dados!$D$2:$D$55,$A87,dados!$T$2:$T$55,"<>")=0,"",_xlfn.MINIFS(dados!$T$2:$T$55,dados!$D$2:$D$55,$A87)) | J87: =IF(COUNTIFS(dados!$D$2:$D$55,$A87,dados!$T$2:$T$55,"<>")=0,"",_xlfn.MAXIFS(dados!$T$2:$T$55,dados!$D$2:$D$55,$A87)) | K87: =IFERROR(J87-I87,"")
A88: Centro-Oeste | B88: Instagram | C88: curtidas_periodo | D88: Curtidas no período | E88: =COUNTIFS(dados!$D$2:$D$55,$A88,dados!$U$2:$U$55,"<>") | F88: =IFERROR(AVERAGEIFS(dados!$U$2:$U$55,dados!$D$2:$D$55,$A88),"") | G88: {=IFERROR(MEDIAN(IF((dados!$D$2:$D$55=$A88)*(dados!$U$2:$U$55<>""),dados!$U$2:$U$55)),"")} | H88: {=IFERROR(STDEV(IF((dados!$D$2:$D$55=$A88)*(dados!$U$2:$U$55<>""),dados!$U$2:$U$55)),"")} | I88: =IF(COUNTIFS(dados!$D$2:$D$55,$A88,dados!$U$2:$U$55,"<>")=0,"",_xlfn.MINIFS(dados!$U$2:$U$55,dados!$D$2:$D$55,$A88)) | J88: =IF(COUNTIFS(dados!$D$2:$D$55,$A88,dados!$U$2:$U$55,"<>")=0,"",_xlfn.MAXIFS(dados!$U$2:$U$55,dados!$D$2:$D$55,$A88)) | K88: =IFERROR(J88-I88,"")
A89: Centro-Oeste | B89: Instagram | C89: comentarios_periodo | D89: Comentários no período | E89: =COUNTIFS(dados!$D$2:$D$55,$A89,dados!$V$2:$V$55,"<>") | F89: =IFERROR(AVERAGEIFS(dados!$V$2:$V$55,dados!$D$2:$D$55,$A89),"") | G89: {=IFERROR(MEDIAN(IF((dados!$D$2:$D$55=$A89)*(dados!$V$2:$V$55<>""),dados!$V$2:$V$55)),"")} | H89: {=IFERROR(STDEV(IF((dados!$D$2:$D$55=$A89)*(dados!$V$2:$V$55<>""),dados!$V$2:$V$55)),"")} | I89: =IF(COUNTIFS(dados!$D$2:$D$55,$A89,dados!$V$2:$V$55,"<>")=0,"",_xlfn.MINIFS(dados!$V$2:$V$55,dados!$D$2:$D$55,$A89)) | J89: =IF(COUNTIFS(dados!$D$2:$D$55,$A89,dados!$V$2:$V$55,"<>")=0,"",_xlfn.MAXIFS(dados!$V$2:$V$55,dados!$D$2:$D$55,$A89)) | K89: =IFERROR(J89-I89,"")
A90: Centro-Oeste | B90: Instagram | C90: interacoes_por_post | D90: Interações por post no período (curtidas + comentários) | E90: =COUNTIFS(dados!$D$2:$D$55,$A90,dados!$W$2:$W$55,"<>") | F90: =IFERROR(AVERAGEIFS(dados!$W$2:$W$55,dados!$D$2:$D$55,$A90),"") | G90: {=IFERROR(MEDIAN(IF((dados!$D$2:$D$55=$A90)*(dados!$W$2:$W$55<>""),dados!$W$2:$W$55)),"")} | H90: {=IFERROR(STDEV(IF((dados!$D$2:$D$55=$A90)*(dados!$W$2:$W$55<>""),dados!$W$2:$W$55)),"")} | I90: =IF(COUNTIFS(dados!$D$2:$D$55,$A90,dados!$W$2:$W$55,"<>")=0,"",_xlfn.MINIFS(dados!$W$2:$W$55,dados!$D$2:$D$55,$A90)) | J90: =IF(COUNTIFS(dados!$D$2:$D$55,$A90,dados!$W$2:$W$55,"<>")=0,"",_xlfn.MAXIFS(dados!$W$2:$W$55,dados!$D$2:$D$55,$A90)) | K90: =IFERROR(J90-I90,"")
A91: Centro-Oeste | B91: Instagram | C91: engajamento_pct | D91: Taxa de engajamento (interações por post ÷ seguidores) | E91: =COUNTIFS(dados!$D$2:$D$55,$A91,dados!$X$2:$X$55,"<>") | F91: =IFERROR(AVERAGEIFS(dados!$X$2:$X$55,dados!$D$2:$D$55,$A91),"") | G91: {=IFERROR(MEDIAN(IF((dados!$D$2:$D$55=$A91)*(dados!$X$2:$X$55<>""),dados!$X$2:$X$55)),"")} | H91: {=IFERROR(STDEV(IF((dados!$D$2:$D$55=$A91)*(dados!$X$2:$X$55<>""),dados!$X$2:$X$55)),"")} | I91: =IF(COUNTIFS(dados!$D$2:$D$55,$A91,dados!$X$2:$X$55,"<>")=0,"",_xlfn.MINIFS(dados!$X$2:$X$55,dados!$D$2:$D$55,$A91)) | J91: =IF(COUNTIFS(dados!$D$2:$D$55,$A91,dados!$X$2:$X$55,"<>")=0,"",_xlfn.MAXIFS(dados!$X$2:$X$55,dados!$D$2:$D$55,$A91)) | K91: =IFERROR(J91-I91,"")
A92: Centro-Oeste | B92: Cardápio | C92: itens_com_preco | D92: Itens com preço no cardápio | E92: =COUNTIFS(dados!$D$2:$D$55,$A92,dados!$Y$2:$Y$55,"<>") | F92: =IFERROR(AVERAGEIFS(dados!$Y$2:$Y$55,dados!$D$2:$D$55,$A92),"") | G92: {=IFERROR(MEDIAN(IF((dados!$D$2:$D$55=$A92)*(dados!$Y$2:$Y$55<>""),dados!$Y$2:$Y$55)),"")} | H92: {=IFERROR(STDEV(IF((dados!$D$2:$D$55=$A92)*(dados!$Y$2:$Y$55<>""),dados!$Y$2:$Y$55)),"")} | I92: =IF(COUNTIFS(dados!$D$2:$D$55,$A92,dados!$Y$2:$Y$55,"<>")=0,"",_xlfn.MINIFS(dados!$Y$2:$Y$55,dados!$D$2:$D$55,$A92)) | J92: =IF(COUNTIFS(dados!$D$2:$D$55,$A92,dados!$Y$2:$Y$55,"<>")=0,"",_xlfn.MAXIFS(dados!$Y$2:$Y$55,dados!$D$2:$D$55,$A92)) | K92: =IFERROR(J92-I92,"")
A93: Centro-Oeste | B93: Cardápio | C93: couvert_mediana | D93: Couvert ou taxa de jogo (só casas que cobram) | E93: =COUNTIFS(dados!$D$2:$D$55,$A93,dados!$Z$2:$Z$55,"<>") | F93: =IFERROR(AVERAGEIFS(dados!$Z$2:$Z$55,dados!$D$2:$D$55,$A93),"") | G93: {=IFERROR(MEDIAN(IF((dados!$D$2:$D$55=$A93)*(dados!$Z$2:$Z$55<>""),dados!$Z$2:$Z$55)),"")} | H93: {=IFERROR(STDEV(IF((dados!$D$2:$D$55=$A93)*(dados!$Z$2:$Z$55<>""),dados!$Z$2:$Z$55)),"")} | I93: =IF(COUNTIFS(dados!$D$2:$D$55,$A93,dados!$Z$2:$Z$55,"<>")=0,"",_xlfn.MINIFS(dados!$Z$2:$Z$55,dados!$D$2:$D$55,$A93)) | J93: =IF(COUNTIFS(dados!$D$2:$D$55,$A93,dados!$Z$2:$Z$55,"<>")=0,"",_xlfn.MAXIFS(dados!$Z$2:$Z$55,dados!$D$2:$D$55,$A93)) | K93: =IFERROR(J93-I93,"")
A94: Centro-Oeste | B94: Cardápio | C94: bebida_mediana | D94: Bebida, mediana do cardápio | E94: =COUNTIFS(dados!$D$2:$D$55,$A94,dados!$AA$2:$AA$55,"<>") | F94: =IFERROR(AVERAGEIFS(dados!$AA$2:$AA$55,dados!$D$2:$D$55,$A94),"") | G94: {=IFERROR(MEDIAN(IF((dados!$D$2:$D$55=$A94)*(dados!$AA$2:$AA$55<>""),dados!$AA$2:$AA$55)),"")} | H94: {=IFERROR(STDEV(IF((dados!$D$2:$D$55=$A94)*(dados!$AA$2:$AA$55<>""),dados!$AA$2:$AA$55)),"")} | I94: =IF(COUNTIFS(dados!$D$2:$D$55,$A94,dados!$AA$2:$AA$55,"<>")=0,"",_xlfn.MINIFS(dados!$AA$2:$AA$55,dados!$D$2:$D$55,$A94)) | J94: =IF(COUNTIFS(dados!$D$2:$D$55,$A94,dados!$AA$2:$AA$55,"<>")=0,"",_xlfn.MAXIFS(dados!$AA$2:$AA$55,dados!$D$2:$D$55,$A94)) | K94: =IFERROR(J94-I94,"")
A95: Centro-Oeste | B95: Cardápio | C95: entrada_ou_prato_mediana | D95: Entrada ou prato, mediana do cardápio | E95: =COUNTIFS(dados!$D$2:$D$55,$A95,dados!$AB$2:$AB$55,"<>") | F95: =IFERROR(AVERAGEIFS(dados!$AB$2:$AB$55,dados!$D$2:$D$55,$A95),"") | G95: {=IFERROR(MEDIAN(IF((dados!$D$2:$D$55=$A95)*(dados!$AB$2:$AB$55<>""),dados!$AB$2:$AB$55)),"")} | H95: {=IFERROR(STDEV(IF((dados!$D$2:$D$55=$A95)*(dados!$AB$2:$AB$55<>""),dados!$AB$2:$AB$55)),"")} | I95: =IF(COUNTIFS(dados!$D$2:$D$55,$A95,dados!$AB$2:$AB$55,"<>")=0,"",_xlfn.MINIFS(dados!$AB$2:$AB$55,dados!$D$2:$D$55,$A95)) | J95: =IF(COUNTIFS(dados!$D$2:$D$55,$A95,dados!$AB$2:$AB$55,"<>")=0,"",_xlfn.MAXIFS(dados!$AB$2:$AB$55,dados!$D$2:$D$55,$A95)) | K95: =IFERROR(J95-I95,"")
A96: Centro-Oeste | B96: Cardápio | C96: cesta_baixa | D96: Cesta por pessoa, nível baixo (P25) | E96: =COUNTIFS(dados!$D$2:$D$55,$A96,dados!$AC$2:$AC$55,"<>") | F96: =IFERROR(AVERAGEIFS(dados!$AC$2:$AC$55,dados!$D$2:$D$55,$A96),"") | G96: {=IFERROR(MEDIAN(IF((dados!$D$2:$D$55=$A96)*(dados!$AC$2:$AC$55<>""),dados!$AC$2:$AC$55)),"")} | H96: {=IFERROR(STDEV(IF((dados!$D$2:$D$55=$A96)*(dados!$AC$2:$AC$55<>""),dados!$AC$2:$AC$55)),"")} | I96: =IF(COUNTIFS(dados!$D$2:$D$55,$A96,dados!$AC$2:$AC$55,"<>")=0,"",_xlfn.MINIFS(dados!$AC$2:$AC$55,dados!$D$2:$D$55,$A96)) | J96: =IF(COUNTIFS(dados!$D$2:$D$55,$A96,dados!$AC$2:$AC$55,"<>")=0,"",_xlfn.MAXIFS(dados!$AC$2:$AC$55,dados!$D$2:$D$55,$A96)) | K96: =IFERROR(J96-I96,"")
A97: Centro-Oeste | B97: Cardápio | C97: cesta_mediana | D97: Cesta por pessoa, nível mediano | E97: =COUNTIFS(dados!$D$2:$D$55,$A97,dados!$AD$2:$AD$55,"<>") | F97: =IFERROR(AVERAGEIFS(dados!$AD$2:$AD$55,dados!$D$2:$D$55,$A97),"") | G97: {=IFERROR(MEDIAN(IF((dados!$D$2:$D$55=$A97)*(dados!$AD$2:$AD$55<>""),dados!$AD$2:$AD$55)),"")} | H97: {=IFERROR(STDEV(IF((dados!$D$2:$D$55=$A97)*(dados!$AD$2:$AD$55<>""),dados!$AD$2:$AD$55)),"")} | I97: =IF(COUNTIFS(dados!$D$2:$D$55,$A97,dados!$AD$2:$AD$55,"<>")=0,"",_xlfn.MINIFS(dados!$AD$2:$AD$55,dados!$D$2:$D$55,$A97)) | J97: =IF(COUNTIFS(dados!$D$2:$D$55,$A97,dados!$AD$2:$AD$55,"<>")=0,"",_xlfn.MAXIFS(dados!$AD$2:$AD$55,dados!$D$2:$D$55,$A97)) | K97: =IFERROR(J97-I97,"")
A98: Centro-Oeste | B98: Cardápio | C98: cesta_alta | D98: Cesta por pessoa, nível alto (P75) | E98: =COUNTIFS(dados!$D$2:$D$55,$A98,dados!$AE$2:$AE$55,"<>") | F98: =IFERROR(AVERAGEIFS(dados!$AE$2:$AE$55,dados!$D$2:$D$55,$A98),"") | G98: {=IFERROR(MEDIAN(IF((dados!$D$2:$D$55=$A98)*(dados!$AE$2:$AE$55<>""),dados!$AE$2:$AE$55)),"")} | H98: {=IFERROR(STDEV(IF((dados!$D$2:$D$55=$A98)*(dados!$AE$2:$AE$55<>""),dados!$AE$2:$AE$55)),"")} | I98: =IF(COUNTIFS(dados!$D$2:$D$55,$A98,dados!$AE$2:$AE$55,"<>")=0,"",_xlfn.MINIFS(dados!$AE$2:$AE$55,dados!$D$2:$D$55,$A98)) | J98: =IF(COUNTIFS(dados!$D$2:$D$55,$A98,dados!$AE$2:$AE$55,"<>")=0,"",_xlfn.MAXIFS(dados!$AE$2:$AE$55,dados!$D$2:$D$55,$A98)) | K98: =IFERROR(J98-I98,"")
A99: Centro-Oeste | B99: Cardápio | C99: hamburguer_mediana | D99: Hambúrguer, mediana | E99: =COUNTIFS(dados!$D$2:$D$55,$A99,dados!$AF$2:$AF$55,"<>") | F99: =IFERROR(AVERAGEIFS(dados!$AF$2:$AF$55,dados!$D$2:$D$55,$A99),"") | G99: {=IFERROR(MEDIAN(IF((dados!$D$2:$D$55=$A99)*(dados!$AF$2:$AF$55<>""),dados!$AF$2:$AF$55)),"")} | H99: {=IFERROR(STDEV(IF((dados!$D$2:$D$55=$A99)*(dados!$AF$2:$AF$55<>""),dados!$AF$2:$AF$55)),"")} | I99: =IF(COUNTIFS(dados!$D$2:$D$55,$A99,dados!$AF$2:$AF$55,"<>")=0,"",_xlfn.MINIFS(dados!$AF$2:$AF$55,dados!$D$2:$D$55,$A99)) | J99: =IF(COUNTIFS(dados!$D$2:$D$55,$A99,dados!$AF$2:$AF$55,"<>")=0,"",_xlfn.MAXIFS(dados!$AF$2:$AF$55,dados!$D$2:$D$55,$A99)) | K99: =IFERROR(J99-I99,"")
A100: Centro-Oeste | B100: Cardápio | C100: batata_mediana | D100: Batata, mediana | E100: =COUNTIFS(dados!$D$2:$D$55,$A100,dados!$AG$2:$AG$55,"<>") | F100: =IFERROR(AVERAGEIFS(dados!$AG$2:$AG$55,dados!$D$2:$D$55,$A100),"") | G100: {=IFERROR(MEDIAN(IF((dados!$D$2:$D$55=$A100)*(dados!$AG$2:$AG$55<>""),dados!$AG$2:$AG$55)),"")} | H100: {=IFERROR(STDEV(IF((dados!$D$2:$D$55=$A100)*(dados!$AG$2:$AG$55<>""),dados!$AG$2:$AG$55)),"")} | I100: =IF(COUNTIFS(dados!$D$2:$D$55,$A100,dados!$AG$2:$AG$55,"<>")=0,"",_xlfn.MINIFS(dados!$AG$2:$AG$55,dados!$D$2:$D$55,$A100)) | J100: =IF(COUNTIFS(dados!$D$2:$D$55,$A100,dados!$AG$2:$AG$55,"<>")=0,"",_xlfn.MAXIFS(dados!$AG$2:$AG$55,dados!$D$2:$D$55,$A100)) | K100: =IFERROR(J100-I100,"")
...

Sheet metropole_detalhe
A1: metrópole | B1: grupo | C1: variável | D1: descrição | E1: n | F1: média | G1: mediana | H1: desvio padrão | I1: mínimo | J1: máximo | K1: amplitude
A2: Belo Horizonte | B2: Google Maps | C2: avaliacao_media | D2: Nota média no Google | E2: =COUNTIFS(dados!$C$2:$C$55,$A2,dados!$E$2:$E$55,"<>") | F2: =IFERROR(AVERAGEIFS(dados!$E$2:$E$55,dados!$C$2:$C$55,$A2),"") | G2: {=IFERROR(MEDIAN(IF((dados!$C$2:$C$55=$A2)*(dados!$E$2:$E$55<>""),dados!$E$2:$E$55)),"")} | H2: {=IFERROR(STDEV(IF((dados!$C$2:$C$55=$A2)*(dados!$E$2:$E$55<>""),dados!$E$2:$E$55)),"")} | I2: =IF(COUNTIFS(dados!$C$2:$C$55,$A2,dados!$E$2:$E$55,"<>")=0,"",_xlfn.MINIFS(dados!$E$2:$E$55,dados!$C$2:$C$55,$A2)) | J2: =IF(COUNTIFS(dados!$C$2:$C$55,$A2,dados!$E$2:$E$55,"<>")=0,"",_xlfn.MAXIFS(dados!$E$2:$E$55,dados!$C$2:$C$55,$A2)) | K2: =IFERROR(J2-I2,"")
A3: Belo Horizonte | B3: Google Maps | C3: volume_avaliacoes | D3: Nº de avaliações no Google | E3: =COUNTIFS(dados!$C$2:$C$55,$A3,dados!$F$2:$F$55,"<>") | F3: =IFERROR(AVERAGEIFS(dados!$F$2:$F$55,dados!$C$2:$C$55,$A3),"") | G3: {=IFERROR(MEDIAN(IF((dados!$C$2:$C$55=$A3)*(dados!$F$2:$F$55<>""),dados!$F$2:$F$55)),"")} | H3: {=IFERROR(STDEV(IF((dados!$C$2:$C$55=$A3)*(dados!$F$2:$F$55<>""),dados!$F$2:$F$55)),"")} | I3: =IF(COUNTIFS(dados!$C$2:$C$55,$A3,dados!$F$2:$F$55,"<>")=0,"",_xlfn.MINIFS(dados!$F$2:$F$55,dados!$C$2:$C$55,$A3)) | J3: =IF(COUNTIFS(dados!$C$2:$C$55,$A3,dados!$F$2:$F$55,"<>")=0,"",_xlfn.MAXIFS(dados!$F$2:$F$55,dados!$C$2:$C$55,$A3)) | K3: =IFERROR(J3-I3,"")
A4: Belo Horizonte | B4: Horários | C4: dias_abertos | D4: Dias abertos por semana | E4: =COUNTIFS(dados!$C$2:$C$55,$A4,dados!$G$2:$G$55,"<>") | F4: =IFERROR(AVERAGEIFS(dados!$G$2:$G$55,dados!$C$2:$C$55,$A4),"") | G4: {=IFERROR(MEDIAN(IF((dados!$C$2:$C$55=$A4)*(dados!$G$2:$G$55<>""),dados!$G$2:$G$55)),"")} | H4: {=IFERROR(STDEV(IF((dados!$C$2:$C$55=$A4)*(dados!$G$2:$G$55<>""),dados!$G$2:$G$55)),"")} | I4: =IF(COUNTIFS(dados!$C$2:$C$55,$A4,dados!$G$2:$G$55,"<>")=0,"",_xlfn.MINIFS(dados!$G$2:$G$55,dados!$C$2:$C$55,$A4)) | J4: =IF(COUNTIFS(dados!$C$2:$C$55,$A4,dados!$G$2:$G$55,"<>")=0,"",_xlfn.MAXIFS(dados!$G$2:$G$55,dados!$C$2:$C$55,$A4)) | K4: =IFERROR(J4-I4,"")
A5: Belo Horizonte | B5: Horários | C5: horas_semana | D5: Horas abertas por semana | E5: =COUNTIFS(dados!$C$2:$C$55,$A5,dados!$H$2:$H$55,"<>") | F5: =IFERROR(AVERAGEIFS(dados!$H$2:$H$55,dados!$C$2:$C$55,$A5),"") | G5: {=IFERROR(MEDIAN(IF((dados!$C$2:$C$55=$A5)*(dados!$H$2:$H$55<>""),dados!$H$2:$H$55)),"")} | H5: {=IFERROR(STDEV(IF((dados!$C$2:$C$55=$A5)*(dados!$H$2:$H$55<>""),dados!$H$2:$H$55)),"")} | I5: =IF(COUNTIFS(dados!$C$2:$C$55,$A5,dados!$H$2:$H$55,"<>")=0,"",_xlfn.MINIFS(dados!$H$2:$H$55,dados!$C$2:$C$55,$A5)) | J5: =IF(COUNTIFS(dados!$C$2:$C$55,$A5,dados!$H$2:$H$55,"<>")=0,"",_xlfn.MAXIFS(dados!$H$2:$H$55,dados!$C$2:$C$55,$A5)) | K5: =IFERROR(J5-I5,"")
A6: Belo Horizonte | B6: Horários | C6: abre_cedo_h | D6: Abertura mais cedo da semana | E6: =COUNTIFS(dados!$C$2:$C$55,$A6,dados!$I$2:$I$55,"<>") | F6: =IFERROR(AVERAGEIFS(dados!$I$2:$I$55,dados!$C$2:$C$55,$A6),"") | G6: {=IFERROR(MEDIAN(IF((dados!$C$2:$C$55=$A6)*(dados!$I$2:$I$55<>""),dados!$I$2:$I$55)),"")} | H6: {=IFERROR(STDEV(IF((dados!$C$2:$C$55=$A6)*(dados!$I$2:$I$55<>""),dados!$I$2:$I$55)),"")} | I6: =IF(COUNTIFS(dados!$C$2:$C$55,$A6,dados!$I$2:$I$55,"<>")=0,"",_xlfn.MINIFS(dados!$I$2:$I$55,dados!$C$2:$C$55,$A6)) | J6: =IF(COUNTIFS(dados!$C$2:$C$55,$A6,dados!$I$2:$I$55,"<>")=0,"",_xlfn.MAXIFS(dados!$I$2:$I$55,dados!$C$2:$C$55,$A6)) | K6: =IFERROR(J6-I6,"")
A7: Belo Horizonte | B7: Horários | C7: fecha_tarde_h | D7: Fechamento mais tarde da semana (25 = 1h da manhã) | E7: =COUNTIFS(dados!$C$2:$C$55,$A7,dados!$J$2:$J$55,"<>") | F7: =IFERROR(AVERAGEIFS(dados!$J$2:$J$55,dados!$C$2:$C$55,$A7),"") | G7: {=IFERROR(MEDIAN(IF((dados!$C$2:$C$55=$A7)*(dados!$J$2:$J$55<>""),dados!$J$2:$J$55)),"")} | H7: {=IFERROR(STDEV(IF((dados!$C$2:$C$55=$A7)*(dados!$J$2:$J$55<>""),dados!$J$2:$J$55)),"")} | I7: =IF(COUNTIFS(dados!$C$2:$C$55,$A7,dados!$J$2:$J$55,"<>")=0,"",_xlfn.MINIFS(dados!$J$2:$J$55,dados!$C$2:$C$55,$A7)) | J7: =IF(COUNTIFS(dados!$C$2:$C$55,$A7,dados!$J$2:$J$55,"<>")=0,"",_xlfn.MAXIFS(dados!$J$2:$J$55,dados!$C$2:$C$55,$A7)) | K7: =IFERROR(J7-I7,"")
A8: Belo Horizonte | B8: Entorno | C8: metro_500m | D8: Estações de metrô até 500 m | E8: =COUNTIFS(dados!$C$2:$C$55,$A8,dados!$K$2:$K$55,"<>") | F8: =IFERROR(AVERAGEIFS(dados!$K$2:$K$55,dados!$C$2:$C$55,$A8),"") | G8: {=IFERROR(MEDIAN(IF((dados!$C$2:$C$55=$A8)*(dados!$K$2:$K$55<>""),dados!$K$2:$K$55)),"")} | H8: {=IFERROR(STDEV(IF((dados!$C$2:$C$55=$A8)*(dados!$K$2:$K$55<>""),dados!$K$2:$K$55)),"")} | I8: =IF(COUNTIFS(dados!$C$2:$C$55,$A8,dados!$K$2:$K$55,"<>")=0,"",_xlfn.MINIFS(dados!$K$2:$K$55,dados!$C$2:$C$55,$A8)) | J8: =IF(COUNTIFS(dados!$C$2:$C$55,$A8,dados!$K$2:$K$55,"<>")=0,"",_xlfn.MAXIFS(dados!$K$2:$K$55,dados!$C$2:$C$55,$A8)) | K8: =IFERROR(J8-I8,"")
A9: Belo Horizonte | B9: Entorno | C9: metro_1000m | D9: Estações de metrô até 1000 m | E9: =COUNTIFS(dados!$C$2:$C$55,$A9,dados!$L$2:$L$55,"<>") | F9: =IFERROR(AVERAGEIFS(dados!$L$2:$L$55,dados!$C$2:$C$55,$A9),"") | G9: {=IFERROR(MEDIAN(IF((dados!$C$2:$C$55=$A9)*(dados!$L$2:$L$55<>""),dados!$L$2:$L$55)),"")} | H9: {=IFERROR(STDEV(IF((dados!$C$2:$C$55=$A9)*(dados!$L$2:$L$55<>""),dados!$L$2:$L$55)),"")} | I9: =IF(COUNTIFS(dados!$C$2:$C$55,$A9,dados!$L$2:$L$55,"<>")=0,"",_xlfn.MINIFS(dados!$L$2:$L$55,dados!$C$2:$C$55,$A9)) | J9: =IF(COUNTIFS(dados!$C$2:$C$55,$A9,dados!$L$2:$L$55,"<>")=0,"",_xlfn.MAXIFS(dados!$L$2:$L$55,dados!$C$2:$C$55,$A9)) | K9: =IFERROR(J9-I9,"")
A10: Belo Horizonte | B10: Entorno | C10: dist_metro_m | D10: Distância à estação de metrô mais próxima | E10: =COUNTIFS(dados!$C$2:$C$55,$A10,dados!$M$2:$M$55,"<>") | F10: =IFERROR(AVERAGEIFS(dados!$M$2:$M$55,dados!$C$2:$C$55,$A10),"") | G10: {=IFERROR(MEDIAN(IF((dados!$C$2:$C$55=$A10)*(dados!$M$2:$M$55<>""),dados!$M$2:$M$55)),"")} | H10: {=IFERROR(STDEV(IF((dados!$C$2:$C$55=$A10)*(dados!$M$2:$M$55<>""),dados!$M$2:$M$55)),"")} | I10: =IF(COUNTIFS(dados!$C$2:$C$55,$A10,dados!$M$2:$M$55,"<>")=0,"",_xlfn.MINIFS(dados!$M$2:$M$55,dados!$C$2:$C$55,$A10)) | J10: =IF(COUNTIFS(dados!$C$2:$C$55,$A10,dados!$M$2:$M$55,"<>")=0,"",_xlfn.MAXIFS(dados!$M$2:$M$55,dados!$C$2:$C$55,$A10)) | K10: =IFERROR(J10-I10,"")
A11: Belo Horizonte | B11: Entorno | C11: shopping_porte_500m | D11: Shoppings de porte até 500 m (onde o porte foi buscado) | E11: =COUNTIFS(dados!$C$2:$C$55,$A11,dados!$N$2:$N$55,"<>") | F11: =IFERROR(AVERAGEIFS(dados!$N$2:$N$55,dados!$C$2:$C$55,$A11),"") | G11: {=IFERROR(MEDIAN(IF((dados!$C$2:$C$55=$A11)*(dados!$N$2:$N$55<>""),dados!$N$2:$N$55)),"")} | H11: {=IFERROR(STDEV(IF((dados!$C$2:$C$55=$A11)*(dados!$N$2:$N$55<>""),dados!$N$2:$N$55)),"")} | I11: =IF(COUNTIFS(dados!$C$2:$C$55,$A11,dados!$N$2:$N$55,"<>")=0,"",_xlfn.MINIFS(dados!$N$2:$N$55,dados!$C$2:$C$55,$A11)) | J11: =IF(COUNTIFS(dados!$C$2:$C$55,$A11,dados!$N$2:$N$55,"<>")=0,"",_xlfn.MAXIFS(dados!$N$2:$N$55,dados!$C$2:$C$55,$A11)) | K11: =IFERROR(J11-I11,"")
A12: Belo Horizonte | B12: Entorno | C12: shopping_porte_1000m | D12: Shoppings de porte até 1000 m (onde o porte foi buscado) | E12: =COUNTIFS(dados!$C$2:$C$55,$A12,dados!$O$2:$O$55,"<>") | F12: =IFERROR(AVERAGEIFS(dados!$O$2:$O$55,dados!$C$2:$C$55,$A12),"") | G12: {=IFERROR(MEDIAN(IF((dados!$C$2:$C$55=$A12)*(dados!$O$2:$O$55<>""),dados!$O$2:$O$55)),"")} | H12: {=IFERROR(STDEV(IF((dados!$C$2:$C$55=$A12)*(dados!$O$2:$O$55<>""),dados!$O$2:$O$55)),"")} | I12: =IF(COUNTIFS(dados!$C$2:$C$55,$A12,dados!$O$2:$O$55,"<>")=0,"",_xlfn.MINIFS(dados!$O$2:$O$55,dados!$C$2:$C$55,$A12)) | J12: =IF(COUNTIFS(dados!$C$2:$C$55,$A12,dados!$O$2:$O$55,"<>")=0,"",_xlfn.MAXIFS(dados!$O$2:$O$55,dados!$C$2:$C$55,$A12)) | K12: =IFERROR(J12-I12,"")
A13: Belo Horizonte | B13: Entorno | C13: dist_shopping_m | D13: Distância ao shopping mais próximo (qualquer porte) | E13: =COUNTIFS(dados!$C$2:$C$55,$A13,dados!$P$2:$P$55,"<>") | F13: =IFERROR(AVERAGEIFS(dados!$P$2:$P$55,dados!$C$2:$C$55,$A13),"") | G13: {=IFERROR(MEDIAN(IF((dados!$C$2:$C$55=$A13)*(dados!$P$2:$P$55<>""),dados!$P$2:$P$55)),"")} | H13: {=IFERROR(STDEV(IF((dados!$C$2:$C$55=$A13)*(dados!$P$2:$P$55<>""),dados!$P$2:$P$55)),"")} | I13: =IF(COUNTIFS(dados!$C$2:$C$55,$A13,dados!$P$2:$P$55,"<>")=0,"",_xlfn.MINIFS(dados!$P$2:$P$55,dados!$C$2:$C$55,$A13)) | J13: =IF(COUNTIFS(dados!$C$2:$C$55,$A13,dados!$P$2:$P$55,"<>")=0,"",_xlfn.MAXIFS(dados!$P$2:$P$55,dados!$C$2:$C$55,$A13)) | K13: =IFERROR(J13-I13,"")
A14: Belo Horizonte | B14: Instagram | C14: seguidores | D14: Seguidores | E14: =COUNTIFS(dados!$C$2:$C$55,$A14,dados!$Q$2:$Q$55,"<>") | F14: =IFERROR(AVERAGEIFS(dados!$Q$2:$Q$55,dados!$C$2:$C$55,$A14),"") | G14: {=IFERROR(MEDIAN(IF((dados!$C$2:$C$55=$A14)*(dados!$Q$2:$Q$55<>""),dados!$Q$2:$Q$55)),"")} | H14: {=IFERROR(STDEV(IF((dados!$C$2:$C$55=$A14)*(dados!$Q$2:$Q$55<>""),dados!$Q$2:$Q$55)),"")} | I14: =IF(COUNTIFS(dados!$C$2:$C$55,$A14,dados!$Q$2:$Q$55,"<>")=0,"",_xlfn.MINIFS(dados!$Q$2:$Q$55,dados!$C$2:$C$55,$A14)) | J14: =IF(COUNTIFS(dados!$C$2:$C$55,$A14,dados!$Q$2:$Q$55,"<>")=0,"",_xlfn.MAXIFS(dados!$Q$2:$Q$55,dados!$C$2:$C$55,$A14)) | K14: =IFERROR(J14-I14,"")
A15: Belo Horizonte | B15: Instagram | C15: n_posts_total | D15: Posts desde a criação do perfil | E15: =COUNTIFS(dados!$C$2:$C$55,$A15,dados!$R$2:$R$55,"<>") | F15: =IFERROR(AVERAGEIFS(dados!$R$2:$R$55,dados!$C$2:$C$55,$A15),"") | G15: {=IFERROR(MEDIAN(IF((dados!$C$2:$C$55=$A15)*(dados!$R$2:$R$55<>""),dados!$R$2:$R$55)),"")} | H15: {=IFERROR(STDEV(IF((dados!$C$2:$C$55=$A15)*(dados!$R$2:$R$55<>""),dados!$R$2:$R$55)),"")} | I15: =IF(COUNTIFS(dados!$C$2:$C$55,$A15,dados!$R$2:$R$55,"<>")=0,"",_xlfn.MINIFS(dados!$R$2:$R$55,dados!$C$2:$C$55,$A15)) | J15: =IF(COUNTIFS(dados!$C$2:$C$55,$A15,dados!$R$2:$R$55,"<>")=0,"",_xlfn.MAXIFS(dados!$R$2:$R$55,dados!$C$2:$C$55,$A15)) | K15: =IFERROR(J15-I15,"")
A16: Belo Horizonte | B16: Instagram | C16: idade_perfil_anos | D16: Idade do perfil (desde o primeiro post até 15/10/2026) | E16: =COUNTIFS(dados!$C$2:$C$55,$A16,dados!$S$2:$S$55,"<>") | F16: =IFERROR(AVERAGEIFS(dados!$S$2:$S$55,dados!$C$2:$C$55,$A16),"") | G16: {=IFERROR(MEDIAN(IF((dados!$C$2:$C$55=$A16)*(dados!$S$2:$S$55<>""),dados!$S$2:$S$55)),"")} | H16: {=IFERROR(STDEV(IF((dados!$C$2:$C$55=$A16)*(dados!$S$2:$S$55<>""),dados!$S$2:$S$55)),"")} | I16: =IF(COUNTIFS(dados!$C$2:$C$55,$A16,dados!$S$2:$S$55,"<>")=0,"",_xlfn.MINIFS(dados!$S$2:$S$55,dados!$C$2:$C$55,$A16)) | J16: =IF(COUNTIFS(dados!$C$2:$C$55,$A16,dados!$S$2:$S$55,"<>")=0,"",_xlfn.MAXIFS(dados!$S$2:$S$55,dados!$C$2:$C$55,$A16)) | K16: =IFERROR(J16-I16,"")
A17: Belo Horizonte | B17: Instagram | C17: n_posts_periodo | D17: Posts de 01/09 a 01/10/2026 | E17: =COUNTIFS(dados!$C$2:$C$55,$A17,dados!$T$2:$T$55,"<>") | F17: =IFERROR(AVERAGEIFS(dados!$T$2:$T$55,dados!$C$2:$C$55,$A17),"") | G17: {=IFERROR(MEDIAN(IF((dados!$C$2:$C$55=$A17)*(dados!$T$2:$T$55<>""),dados!$T$2:$T$55)),"")} | H17: {=IFERROR(STDEV(IF((dados!$C$2:$C$55=$A17)*(dados!$T$2:$T$55<>""),dados!$T$2:$T$55)),"")} | I17: =IF(COUNTIFS(dados!$C$2:$C$55,$A17,dados!$T$2:$T$55,"<>")=0,"",_xlfn.MINIFS(dados!$T$2:$T$55,dados!$C$2:$C$55,$A17)) | J17: =IF(COUNTIFS(dados!$C$2:$C$55,$A17,dados!$T$2:$T$55,"<>")=0,"",_xlfn.MAXIFS(dados!$T$2:$T$55,dados!$C$2:$C$55,$A17)) | K17: =IFERROR(J17-I17,"")
A18: Belo Horizonte | B18: Instagram | C18: curtidas_periodo | D18: Curtidas no período | E18: =COUNTIFS(dados!$C$2:$C$55,$A18,dados!$U$2:$U$55,"<>") | F18: =IFERROR(AVERAGEIFS(dados!$U$2:$U$55,dados!$C$2:$C$55,$A18),"") | G18: {=IFERROR(MEDIAN(IF((dados!$C$2:$C$55=$A18)*(dados!$U$2:$U$55<>""),dados!$U$2:$U$55)),"")} | H18: {=IFERROR(STDEV(IF((dados!$C$2:$C$55=$A18)*(dados!$U$2:$U$55<>""),dados!$U$2:$U$55)),"")} | I18: =IF(COUNTIFS(dados!$C$2:$C$55,$A18,dados!$U$2:$U$55,"<>")=0,"",_xlfn.MINIFS(dados!$U$2:$U$55,dados!$C$2:$C$55,$A18)) | J18: =IF(COUNTIFS(dados!$C$2:$C$55,$A18,dados!$U$2:$U$55,"<>")=0,"",_xlfn.MAXIFS(dados!$U$2:$U$55,dados!$C$2:$C$55,$A18)) | K18: =IFERROR(J18-I18,"")
A19: Belo Horizonte | B19: Instagram | C19: comentarios_periodo | D19: Comentários no período | E19: =COUNTIFS(dados!$C$2:$C$55,$A19,dados!$V$2:$V$55,"<>") | F19: =IFERROR(AVERAGEIFS(dados!$V$2:$V$55,dados!$C$2:$C$55,$A19),"") | G19: {=IFERROR(MEDIAN(IF((dados!$C$2:$C$55=$A19)*(dados!$V$2:$V$55<>""),dados!$V$2:$V$55)),"")} | H19: {=IFERROR(STDEV(IF((dados!$C$2:$C$55=$A19)*(dados!$V$2:$V$55<>""),dados!$V$2:$V$55)),"")} | I19: =IF(COUNTIFS(dados!$C$2:$C$55,$A19,dados!$V$2:$V$55,"<>")=0,"",_xlfn.MINIFS(dados!$V$2:$V$55,dados!$C$2:$C$55,$A19)) | J19: =IF(COUNTIFS(dados!$C$2:$C$55,$A19,dados!$V$2:$V$55,"<>")=0,"",_xlfn.MAXIFS(dados!$V$2:$V$55,dados!$C$2:$C$55,$A19)) | K19: =IFERROR(J19-I19,"")
A20: Belo Horizonte | B20: Instagram | C20: interacoes_por_post | D20: Interações por post no período (curtidas + comentários) | E20: =COUNTIFS(dados!$C$2:$C$55,$A20,dados!$W$2:$W$55,"<>") | F20: =IFERROR(AVERAGEIFS(dados!$W$2:$W$55,dados!$C$2:$C$55,$A20),"") | G20: {=IFERROR(MEDIAN(IF((dados!$C$2:$C$55=$A20)*(dados!$W$2:$W$55<>""),dados!$W$2:$W$55)),"")} | H20: {=IFERROR(STDEV(IF((dados!$C$2:$C$55=$A20)*(dados!$W$2:$W$55<>""),dados!$W$2:$W$55)),"")} | I20: =IF(COUNTIFS(dados!$C$2:$C$55,$A20,dados!$W$2:$W$55,"<>")=0,"",_xlfn.MINIFS(dados!$W$2:$W$55,dados!$C$2:$C$55,$A20)) | J20: =IF(COUNTIFS(dados!$C$2:$C$55,$A20,dados!$W$2:$W$55,"<>")=0,"",_xlfn.MAXIFS(dados!$W$2:$W$55,dados!$C$2:$C$55,$A20)) | K20: =IFERROR(J20-I20,"")
A21: Belo Horizonte | B21: Instagram | C21: engajamento_pct | D21: Taxa de engajamento (interações por post ÷ seguidores) | E21: =COUNTIFS(dados!$C$2:$C$55,$A21,dados!$X$2:$X$55,"<>") | F21: =IFERROR(AVERAGEIFS(dados!$X$2:$X$55,dados!$C$2:$C$55,$A21),"") | G21: {=IFERROR(MEDIAN(IF((dados!$C$2:$C$55=$A21)*(dados!$X$2:$X$55<>""),dados!$X$2:$X$55)),"")} | H21: {=IFERROR(STDEV(IF((dados!$C$2:$C$55=$A21)*(dados!$X$2:$X$55<>""),dados!$X$2:$X$55)),"")} | I21: =IF(COUNTIFS(dados!$C$2:$C$55,$A21,dados!$X$2:$X$55,"<>")=0,"",_xlfn.MINIFS(dados!$X$2:$X$55,dados!$C$2:$C$55,$A21)) | J21: =IF(COUNTIFS(dados!$C$2:$C$55,$A21,dados!$X$2:$X$55,"<>")=0,"",_xlfn.MAXIFS(dados!$X$2:$X$55,dados!$C$2:$C$55,$A21)) | K21: =IFERROR(J21-I21,"")
A22: Belo Horizonte | B22: Cardápio | C22: itens_com_preco | D22: Itens com preço no cardápio | E22: =COUNTIFS(dados!$C$2:$C$55,$A22,dados!$Y$2:$Y$55,"<>") | F22: =IFERROR(AVERAGEIFS(dados!$Y$2:$Y$55,dados!$C$2:$C$55,$A22),"") | G22: {=IFERROR(MEDIAN(IF((dados!$C$2:$C$55=$A22)*(dados!$Y$2:$Y$55<>""),dados!$Y$2:$Y$55)),"")} | H22: {=IFERROR(STDEV(IF((dados!$C$2:$C$55=$A22)*(dados!$Y$2:$Y$55<>""),dados!$Y$2:$Y$55)),"")} | I22: =IF(COUNTIFS(dados!$C$2:$C$55,$A22,dados!$Y$2:$Y$55,"<>")=0,"",_xlfn.MINIFS(dados!$Y$2:$Y$55,dados!$C$2:$C$55,$A22)) | J22: =IF(COUNTIFS(dados!$C$2:$C$55,$A22,dados!$Y$2:$Y$55,"<>")=0,"",_xlfn.MAXIFS(dados!$Y$2:$Y$55,dados!$C$2:$C$55,$A22)) | K22: =IFERROR(J22-I22,"")
A23: Belo Horizonte | B23: Cardápio | C23: couvert_mediana | D23: Couvert ou taxa de jogo (só casas que cobram) | E23: =COUNTIFS(dados!$C$2:$C$55,$A23,dados!$Z$2:$Z$55,"<>") | F23: =IFERROR(AVERAGEIFS(dados!$Z$2:$Z$55,dados!$C$2:$C$55,$A23),"") | G23: {=IFERROR(MEDIAN(IF((dados!$C$2:$C$55=$A23)*(dados!$Z$2:$Z$55<>""),dados!$Z$2:$Z$55)),"")} | H23: {=IFERROR(STDEV(IF((dados!$C$2:$C$55=$A23)*(dados!$Z$2:$Z$55<>""),dados!$Z$2:$Z$55)),"")} | I23: =IF(COUNTIFS(dados!$C$2:$C$55,$A23,dados!$Z$2:$Z$55,"<>")=0,"",_xlfn.MINIFS(dados!$Z$2:$Z$55,dados!$C$2:$C$55,$A23)) | J23: =IF(COUNTIFS(dados!$C$2:$C$55,$A23,dados!$Z$2:$Z$55,"<>")=0,"",_xlfn.MAXIFS(dados!$Z$2:$Z$55,dados!$C$2:$C$55,$A23)) | K23: =IFERROR(J23-I23,"")
A24: Belo Horizonte | B24: Cardápio | C24: bebida_mediana | D24: Bebida, mediana do cardápio | E24: =COUNTIFS(dados!$C$2:$C$55,$A24,dados!$AA$2:$AA$55,"<>") | F24: =IFERROR(AVERAGEIFS(dados!$AA$2:$AA$55,dados!$C$2:$C$55,$A24),"") | G24: {=IFERROR(MEDIAN(IF((dados!$C$2:$C$55=$A24)*(dados!$AA$2:$AA$55<>""),dados!$AA$2:$AA$55)),"")} | H24: {=IFERROR(STDEV(IF((dados!$C$2:$C$55=$A24)*(dados!$AA$2:$AA$55<>""),dados!$AA$2:$AA$55)),"")} | I24: =IF(COUNTIFS(dados!$C$2:$C$55,$A24,dados!$AA$2:$AA$55,"<>")=0,"",_xlfn.MINIFS(dados!$AA$2:$AA$55,dados!$C$2:$C$55,$A24)) | J24: =IF(COUNTIFS(dados!$C$2:$C$55,$A24,dados!$AA$2:$AA$55,"<>")=0,"",_xlfn.MAXIFS(dados!$AA$2:$AA$55,dados!$C$2:$C$55,$A24)) | K24: =IFERROR(J24-I24,"")
A25: Belo Horizonte | B25: Cardápio | C25: entrada_ou_prato_mediana | D25: Entrada ou prato, mediana do cardápio | E25: =COUNTIFS(dados!$C$2:$C$55,$A25,dados!$AB$2:$AB$55,"<>") | F25: =IFERROR(AVERAGEIFS(dados!$AB$2:$AB$55,dados!$C$2:$C$55,$A25),"") | G25: {=IFERROR(MEDIAN(IF((dados!$C$2:$C$55=$A25)*(dados!$AB$2:$AB$55<>""),dados!$AB$2:$AB$55)),"")} | H25: {=IFERROR(STDEV(IF((dados!$C$2:$C$55=$A25)*(dados!$AB$2:$AB$55<>""),dados!$AB$2:$AB$55)),"")} | I25: =IF(COUNTIFS(dados!$C$2:$C$55,$A25,dados!$AB$2:$AB$55,"<>")=0,"",_xlfn.MINIFS(dados!$AB$2:$AB$55,dados!$C$2:$C$55,$A25)) | J25: =IF(COUNTIFS(dados!$C$2:$C$55,$A25,dados!$AB$2:$AB$55,"<>")=0,"",_xlfn.MAXIFS(dados!$AB$2:$AB$55,dados!$C$2:$C$55,$A25)) | K25: =IFERROR(J25-I25,"")
A26: Belo Horizonte | B26: Cardápio | C26: cesta_baixa | D26: Cesta por pessoa, nível baixo (P25) | E26: =COUNTIFS(dados!$C$2:$C$55,$A26,dados!$AC$2:$AC$55,"<>") | F26: =IFERROR(AVERAGEIFS(dados!$AC$2:$AC$55,dados!$C$2:$C$55,$A26),"") | G26: {=IFERROR(MEDIAN(IF((dados!$C$2:$C$55=$A26)*(dados!$AC$2:$AC$55<>""),dados!$AC$2:$AC$55)),"")} | H26: {=IFERROR(STDEV(IF((dados!$C$2:$C$55=$A26)*(dados!$AC$2:$AC$55<>""),dados!$AC$2:$AC$55)),"")} | I26: =IF(COUNTIFS(dados!$C$2:$C$55,$A26,dados!$AC$2:$AC$55,"<>")=0,"",_xlfn.MINIFS(dados!$AC$2:$AC$55,dados!$C$2:$C$55,$A26)) | J26: =IF(COUNTIFS(dados!$C$2:$C$55,$A26,dados!$AC$2:$AC$55,"<>")=0,"",_xlfn.MAXIFS(dados!$AC$2:$AC$55,dados!$C$2:$C$55,$A26)) | K26: =IFERROR(J26-I26,"")
A27: Belo Horizonte | B27: Cardápio | C27: cesta_mediana | D27: Cesta por pessoa, nível mediano | E27: =COUNTIFS(dados!$C$2:$C$55,$A27,dados!$AD$2:$AD$55,"<>") | F27: =IFERROR(AVERAGEIFS(dados!$AD$2:$AD$55,dados!$C$2:$C$55,$A27),"") | G27: {=IFERROR(MEDIAN(IF((dados!$C$2:$C$55=$A27)*(dados!$AD$2:$AD$55<>""),dados!$AD$2:$AD$55)),"")} | H27: {=IFERROR(STDEV(IF((dados!$C$2:$C$55=$A27)*(dados!$AD$2:$AD$55<>""),dados!$AD$2:$AD$55)),"")} | I27: =IF(COUNTIFS(dados!$C$2:$C$55,$A27,dados!$AD$2:$AD$55,"<>")=0,"",_xlfn.MINIFS(dados!$AD$2:$AD$55,dados!$C$2:$C$55,$A27)) | J27: =IF(COUNTIFS(dados!$C$2:$C$55,$A27,dados!$AD$2:$AD$55,"<>")=0,"",_xlfn.MAXIFS(dados!$AD$2:$AD$55,dados!$C$2:$C$55,$A27)) | K27: =IFERROR(J27-I27,"")
A28: Belo Horizonte | B28: Cardápio | C28: cesta_alta | D28: Cesta por pessoa, nível alto (P75) | E28: =COUNTIFS(dados!$C$2:$C$55,$A28,dados!$AE$2:$AE$55,"<>") | F28: =IFERROR(AVERAGEIFS(dados!$AE$2:$AE$55,dados!$C$2:$C$55,$A28),"") | G28: {=IFERROR(MEDIAN(IF((dados!$C$2:$C$55=$A28)*(dados!$AE$2:$AE$55<>""),dados!$AE$2:$AE$55)),"")} | H28: {=IFERROR(STDEV(IF((dados!$C$2:$C$55=$A28)*(dados!$AE$2:$AE$55<>""),dados!$AE$2:$AE$55)),"")} | I28: =IF(COUNTIFS(dados!$C$2:$C$55,$A28,dados!$AE$2:$AE$55,"<>")=0,"",_xlfn.MINIFS(dados!$AE$2:$AE$55,dados!$C$2:$C$55,$A28)) | J28: =IF(COUNTIFS(dados!$C$2:$C$55,$A28,dados!$AE$2:$AE$55,"<>")=0,"",_xlfn.MAXIFS(dados!$AE$2:$AE$55,dados!$C$2:$C$55,$A28)) | K28: =IFERROR(J28-I28,"")
A29: Belo Horizonte | B29: Cardápio | C29: hamburguer_mediana | D29: Hambúrguer, mediana | E29: =COUNTIFS(dados!$C$2:$C$55,$A29,dados!$AF$2:$AF$55,"<>") | F29: =IFERROR(AVERAGEIFS(dados!$AF$2:$AF$55,dados!$C$2:$C$55,$A29),"") | G29: {=IFERROR(MEDIAN(IF((dados!$C$2:$C$55=$A29)*(dados!$AF$2:$AF$55<>""),dados!$AF$2:$AF$55)),"")} | H29: {=IFERROR(STDEV(IF((dados!$C$2:$C$55=$A29)*(dados!$AF$2:$AF$55<>""),dados!$AF$2:$AF$55)),"")} | I29: =IF(COUNTIFS(dados!$C$2:$C$55,$A29,dados!$AF$2:$AF$55,"<>")=0,"",_xlfn.MINIFS(dados!$AF$2:$AF$55,dados!$C$2:$C$55,$A29)) | J29: =IF(COUNTIFS(dados!$C$2:$C$55,$A29,dados!$AF$2:$AF$55,"<>")=0,"",_xlfn.MAXIFS(dados!$AF$2:$AF$55,dados!$C$2:$C$55,$A29)) | K29: =IFERROR(J29-I29,"")
A30: Belo Horizonte | B30: Cardápio | C30: batata_mediana | D30: Batata, mediana | E30: =COUNTIFS(dados!$C$2:$C$55,$A30,dados!$AG$2:$AG$55,"<>") | F30: =IFERROR(AVERAGEIFS(dados!$AG$2:$AG$55,dados!$C$2:$C$55,$A30),"") | G30: {=IFERROR(MEDIAN(IF((dados!$C$2:$C$55=$A30)*(dados!$AG$2:$AG$55<>""),dados!$AG$2:$AG$55)),"")} | H30: {=IFERROR(STDEV(IF((dados!$C$2:$C$55=$A30)*(dados!$AG$2:$AG$55<>""),dados!$AG$2:$AG$55)),"")} | I30: =IF(COUNTIFS(dados!$C$2:$C$55,$A30,dados!$AG$2:$AG$55,"<>")=0,"",_xlfn.MINIFS(dados!$AG$2:$AG$55,dados!$C$2:$C$55,$A30)) | J30: =IF(COUNTIFS(dados!$C$2:$C$55,$A30,dados!$AG$2:$AG$55,"<>")=0,"",_xlfn.MAXIFS(dados!$AG$2:$AG$55,dados!$C$2:$C$55,$A30)) | K30: =IFERROR(J30-I30,"")
A31: Belo Horizonte | B31: Cardápio | C31: cerveja_mediana | D31: Cerveja, mediana | E31: =COUNTIFS(dados!$C$2:$C$55,$A31,dados!$AH$2:$AH$55,"<>") | F31: =IFERROR(AVERAGEIFS(dados!$AH$2:$AH$55,dados!$C$2:$C$55,$A31),"") | G31: {=IFERROR(MEDIAN(IF((dados!$C$2:$C$55=$A31)*(dados!$AH$2:$AH$55<>""),dados!$AH$2:$AH$55)),"")} | H31: {=IFERROR(STDEV(IF((dados!$C$2:$C$55=$A31)*(dados!$AH$2:$AH$55<>""),dados!$AH$2:$AH$55)),"")} | I31: =IF(COUNTIFS(dados!$C$2:$C$55,$A31,dados!$AH$2:$AH$55,"<>")=0,"",_xlfn.MINIFS(dados!$AH$2:$AH$55,dados!$C$2:$C$55,$A31)) | J31: =IF(COUNTIFS(dados!$C$2:$C$55,$A31,dados!$AH$2:$AH$55,"<>")=0,"",_xlfn.MAXIFS(dados!$AH$2:$AH$55,dados!$C$2:$C$55,$A31)) | K31: =IFERROR(J31-I31,"")
A32: Belo Horizonte | B32: Cardápio | C32: refrigerante_mediana | D32: Refrigerante, mediana | E32: =COUNTIFS(dados!$C$2:$C$55,$A32,dados!$AI$2:$AI$55,"<>") | F32: =IFERROR(AVERAGEIFS(dados!$AI$2:$AI$55,dados!$C$2:$C$55,$A32),"") | G32: {=IFERROR(MEDIAN(IF((dados!$C$2:$C$55=$A32)*(dados!$AI$2:$AI$55<>""),dados!$AI$2:$AI$55)),"")} | H32: {=IFERROR(STDEV(IF((dados!$C$2:$C$55=$A32)*(dados!$AI$2:$AI$55<>""),dados!$AI$2:$AI$55)),"")} | I32: =IF(COUNTIFS(dados!$C$2:$C$55,$A32,dados!$AI$2:$AI$55,"<>")=0,"",_xlfn.MINIFS(dados!$AI$2:$AI$55,dados!$C$2:$C$55,$A32)) | J32: =IF(COUNTIFS(dados!$C$2:$C$55,$A32,dados!$AI$2:$AI$55,"<>")=0,"",_xlfn.MAXIFS(dados!$AI$2:$AI$55,dados!$C$2:$C$55,$A32)) | K32: =IFERROR(J32-I32,"")
A33: Belo Horizonte | B33: Cardápio | C33: drinks_mediana | D33: Drinks, mediana | E33: =COUNTIFS(dados!$C$2:$C$55,$A33,dados!$AJ$2:$AJ$55,"<>") | F33: =IFERROR(AVERAGEIFS(dados!$AJ$2:$AJ$55,dados!$C$2:$C$55,$A33),"") | G33: {=IFERROR(MEDIAN(IF((dados!$C$2:$C$55=$A33)*(dados!$AJ$2:$AJ$55<>""),dados!$AJ$2:$AJ$55)),"")} | H33: {=IFERROR(STDEV(IF((dados!$C$2:$C$55=$A33)*(dados!$AJ$2:$AJ$55<>""),dados!$AJ$2:$AJ$55)),"")} | I33: =IF(COUNTIFS(dados!$C$2:$C$55,$A33,dados!$AJ$2:$AJ$55,"<>")=0,"",_xlfn.MINIFS(dados!$AJ$2:$AJ$55,dados!$C$2:$C$55,$A33)) | J33: =IF(COUNTIFS(dados!$C$2:$C$55,$A33,dados!$AJ$2:$AJ$55,"<>")=0,"",_xlfn.MAXIFS(dados!$AJ$2:$AJ$55,dados!$C$2:$C$55,$A33)) | K33: =IFERROR(J33-I33,"")
A34: Belo Horizonte | B34: Acervo | C34: titulos_acervo | D34: Títulos no acervo publicado | E34: =COUNTIFS(dados!$C$2:$C$55,$A34,dados!$AK$2:$AK$55,"<>") | F34: =IFERROR(AVERAGEIFS(dados!$AK$2:$AK$55,dados!$C$2:$C$55,$A34),"") | G34: {=IFERROR(MEDIAN(IF((dados!$C$2:$C$55=$A34)*(dados!$AK$2:$AK$55<>""),dados!$AK$2:$AK$55)),"")} | H34: {=IFERROR(STDEV(IF((dados!$C$2:$C$55=$A34)*(dados!$AK$2:$AK$55<>""),dados!$AK$2:$AK$55)),"")} | I34: =IF(COUNTIFS(dados!$C$2:$C$55,$A34,dados!$AK$2:$AK$55,"<>")=0,"",_xlfn.MINIFS(dados!$AK$2:$AK$55,dados!$C$2:$C$55,$A34)) | J34: =IF(COUNTIFS(dados!$C$2:$C$55,$A34,dados!$AK$2:$AK$55,"<>")=0,"",_xlfn.MAXIFS(dados!$AK$2:$AK$55,dados!$C$2:$C$55,$A34)) | K34: =IFERROR(J34-I34,"")
A35: Belo Horizonte | B35: B2 | C35: avaliacoes_b2 | D35: Avaliações no recorte do B2 (até '3 meses atrás') | E35: =COUNTIFS(dados!$C$2:$C$55,$A35,dados!$AL$2:$AL$55,"<>") | F35: =IFERROR(AVERAGEIFS(dados!$AL$2:$AL$55,dados!$C$2:$C$55,$A35),"") | G35: {=IFERROR(MEDIAN(IF((dados!$C$2:$C$55=$A35)*(dados!$AL$2:$AL$55<>""),dados!$AL$2:$AL$55)),"")} | H35: {=IFERROR(STDEV(IF((dados!$C$2:$C$55=$A35)*(dados!$AL$2:$AL$55<>""),dados!$AL$2:$AL$55)),"")} | I35: =IF(COUNTIFS(dados!$C$2:$C$55,$A35,dados!$AL$2:$AL$55,"<>")=0,"",_xlfn.MINIFS(dados!$AL$2:$AL$55,dados!$C$2:$C$55,$A35)) | J35: =IF(COUNTIFS(dados!$C$2:$C$55,$A35,dados!$AL$2:$AL$55,"<>")=0,"",_xlfn.MAXIFS(dados!$AL$2:$AL$55,dados!$C$2:$C$55,$A35)) | K35: =IFERROR(J35-I35,"")
A36: Belo Horizonte | B36: B2 | C36: avaliacoes_b2_com_texto | D36: Dessas, com texto | E36: =COUNTIFS(dados!$C$2:$C$55,$A36,dados!$AM$2:$AM$55,"<>") | F36: =IFERROR(AVERAGEIFS(dados!$AM$2:$AM$55,dados!$C$2:$C$55,$A36),"") | G36: {=IFERROR(MEDIAN(IF((dados!$C$2:$C$55=$A36)*(dados!$AM$2:$AM$55<>""),dados!$AM$2:$AM$55)),"")} | H36: {=IFERROR(STDEV(IF((dados!$C$2:$C$55=$A36)*(dados!$AM$2:$AM$55<>""),dados!$AM$2:$AM$55)),"")} | I36: =IF(COUNTIFS(dados!$C$2:$C$55,$A36,dados!$AM$2:$AM$55,"<>")=0,"",_xlfn.MINIFS(dados!$AM$2:$AM$55,dados!$C$2:$C$55,$A36)) | J36: =IF(COUNTIFS(dados!$C$2:$C$55,$A36,dados!$AM$2:$AM$55,"<>")=0,"",_xlfn.MAXIFS(dados!$AM$2:$AM$55,dados!$C$2:$C$55,$A36)) | K36: =IFERROR(J36-I36,"")
A37: Belém | B37: Google Maps | C37: avaliacao_media | D37: Nota média no Google | E37: =COUNTIFS(dados!$C$2:$C$55,$A37,dados!$E$2:$E$55,"<>") | F37: =IFERROR(AVERAGEIFS(dados!$E$2:$E$55,dados!$C$2:$C$55,$A37),"") | G37: {=IFERROR(MEDIAN(IF((dados!$C$2:$C$55=$A37)*(dados!$E$2:$E$55<>""),dados!$E$2:$E$55)),"")} | H37: {=IFERROR(STDEV(IF((dados!$C$2:$C$55=$A37)*(dados!$E$2:$E$55<>""),dados!$E$2:$E$55)),"")} | I37: =IF(COUNTIFS(dados!$C$2:$C$55,$A37,dados!$E$2:$E$55,"<>")=0,"",_xlfn.MINIFS(dados!$E$2:$E$55,dados!$C$2:$C$55,$A37)) | J37: =IF(COUNTIFS(dados!$C$2:$C$55,$A37,dados!$E$2:$E$55,"<>")=0,"",_xlfn.MAXIFS(dados!$E$2:$E$55,dados!$C$2:$C$55,$A37)) | K37: =IFERROR(J37-I37,"")
A38: Belém | B38: Google Maps | C38: volume_avaliacoes | D38: Nº de avaliações no Google | E38: =COUNTIFS(dados!$C$2:$C$55,$A38,dados!$F$2:$F$55,"<>") | F38: =IFERROR(AVERAGEIFS(dados!$F$2:$F$55,dados!$C$2:$C$55,$A38),"") | G38: {=IFERROR(MEDIAN(IF((dados!$C$2:$C$55=$A38)*(dados!$F$2:$F$55<>""),dados!$F$2:$F$55)),"")} | H38: {=IFERROR(STDEV(IF((dados!$C$2:$C$55=$A38)*(dados!$F$2:$F$55<>""),dados!$F$2:$F$55)),"")} | I38: =IF(COUNTIFS(dados!$C$2:$C$55,$A38,dados!$F$2:$F$55,"<>")=0,"",_xlfn.MINIFS(dados!$F$2:$F$55,dados!$C$2:$C$55,$A38)) | J38: =IF(COUNTIFS(dados!$C$2:$C$55,$A38,dados!$F$2:$F$55,"<>")=0,"",_xlfn.MAXIFS(dados!$F$2:$F$55,dados!$C$2:$C$55,$A38)) | K38: =IFERROR(J38-I38,"")
A39: Belém | B39: Horários | C39: dias_abertos | D39: Dias abertos por semana | E39: =COUNTIFS(dados!$C$2:$C$55,$A39,dados!$G$2:$G$55,"<>") | F39: =IFERROR(AVERAGEIFS(dados!$G$2:$G$55,dados!$C$2:$C$55,$A39),"") | G39: {=IFERROR(MEDIAN(IF((dados!$C$2:$C$55=$A39)*(dados!$G$2:$G$55<>""),dados!$G$2:$G$55)),"")} | H39: {=IFERROR(STDEV(IF((dados!$C$2:$C$55=$A39)*(dados!$G$2:$G$55<>""),dados!$G$2:$G$55)),"")} | I39: =IF(COUNTIFS(dados!$C$2:$C$55,$A39,dados!$G$2:$G$55,"<>")=0,"",_xlfn.MINIFS(dados!$G$2:$G$55,dados!$C$2:$C$55,$A39)) | J39: =IF(COUNTIFS(dados!$C$2:$C$55,$A39,dados!$G$2:$G$55,"<>")=0,"",_xlfn.MAXIFS(dados!$G$2:$G$55,dados!$C$2:$C$55,$A39)) | K39: =IFERROR(J39-I39,"")
A40: Belém | B40: Horários | C40: horas_semana | D40: Horas abertas por semana | E40: =COUNTIFS(dados!$C$2:$C$55,$A40,dados!$H$2:$H$55,"<>") | F40: =IFERROR(AVERAGEIFS(dados!$H$2:$H$55,dados!$C$2:$C$55,$A40),"") | G40: {=IFERROR(MEDIAN(IF((dados!$C$2:$C$55=$A40)*(dados!$H$2:$H$55<>""),dados!$H$2:$H$55)),"")} | H40: {=IFERROR(STDEV(IF((dados!$C$2:$C$55=$A40)*(dados!$H$2:$H$55<>""),dados!$H$2:$H$55)),"")} | I40: =IF(COUNTIFS(dados!$C$2:$C$55,$A40,dados!$H$2:$H$55,"<>")=0,"",_xlfn.MINIFS(dados!$H$2:$H$55,dados!$C$2:$C$55,$A40)) | J40: =IF(COUNTIFS(dados!$C$2:$C$55,$A40,dados!$H$2:$H$55,"<>")=0,"",_xlfn.MAXIFS(dados!$H$2:$H$55,dados!$C$2:$C$55,$A40)) | K40: =IFERROR(J40-I40,"")
A41: Belém | B41: Horários | C41: abre_cedo_h | D41: Abertura mais cedo da semana | E41: =COUNTIFS(dados!$C$2:$C$55,$A41,dados!$I$2:$I$55,"<>") | F41: =IFERROR(AVERAGEIFS(dados!$I$2:$I$55,dados!$C$2:$C$55,$A41),"") | G41: {=IFERROR(MEDIAN(IF((dados!$C$2:$C$55=$A41)*(dados!$I$2:$I$55<>""),dados!$I$2:$I$55)),"")} | H41: {=IFERROR(STDEV(IF((dados!$C$2:$C$55=$A41)*(dados!$I$2:$I$55<>""),dados!$I$2:$I$55)),"")} | I41: =IF(COUNTIFS(dados!$C$2:$C$55,$A41,dados!$I$2:$I$55,"<>")=0,"",_xlfn.MINIFS(dados!$I$2:$I$55,dados!$C$2:$C$55,$A41)) | J41: =IF(COUNTIFS(dados!$C$2:$C$55,$A41,dados!$I$2:$I$55,"<>")=0,"",_xlfn.MAXIFS(dados!$I$2:$I$55,dados!$C$2:$C$55,$A41)) | K41: =IFERROR(J41-I41,"")
A42: Belém | B42: Horários | C42: fecha_tarde_h | D42: Fechamento mais tarde da semana (25 = 1h da manhã) | E42: =COUNTIFS(dados!$C$2:$C$55,$A42,dados!$J$2:$J$55,"<>") | F42: =IFERROR(AVERAGEIFS(dados!$J$2:$J$55,dados!$C$2:$C$55,$A42),"") | G42: {=IFERROR(MEDIAN(IF((dados!$C$2:$C$55=$A42)*(dados!$J$2:$J$55<>""),dados!$J$2:$J$55)),"")} | H42: {=IFERROR(STDEV(IF((dados!$C$2:$C$55=$A42)*(dados!$J$2:$J$55<>""),dados!$J$2:$J$55)),"")} | I42: =IF(COUNTIFS(dados!$C$2:$C$55,$A42,dados!$J$2:$J$55,"<>")=0,"",_xlfn.MINIFS(dados!$J$2:$J$55,dados!$C$2:$C$55,$A42)) | J42: =IF(COUNTIFS(dados!$C$2:$C$55,$A42,dados!$J$2:$J$55,"<>")=0,"",_xlfn.MAXIFS(dados!$J$2:$J$55,dados!$C$2:$C$55,$A42)) | K42: =IFERROR(J42-I42,"")
A43: Belém | B43: Entorno | C43: metro_500m | D43: Estações de metrô até 500 m | E43: =COUNTIFS(dados!$C$2:$C$55,$A43,dados!$K$2:$K$55,"<>") | F43: =IFERROR(AVERAGEIFS(dados!$K$2:$K$55,dados!$C$2:$C$55,$A43),"") | G43: {=IFERROR(MEDIAN(IF((dados!$C$2:$C$55=$A43)*(dados!$K$2:$K$55<>""),dados!$K$2:$K$55)),"")} | H43: {=IFERROR(STDEV(IF((dados!$C$2:$C$55=$A43)*(dados!$K$2:$K$55<>""),dados!$K$2:$K$55)),"")} | I43: =IF(COUNTIFS(dados!$C$2:$C$55,$A43,dados!$K$2:$K$55,"<>")=0,"",_xlfn.MINIFS(dados!$K$2:$K$55,dados!$C$2:$C$55,$A43)) | J43: =IF(COUNTIFS(dados!$C$2:$C$55,$A43,dados!$K$2:$K$55,"<>")=0,"",_xlfn.MAXIFS(dados!$K$2:$K$55,dados!$C$2:$C$55,$A43)) | K43: =IFERROR(J43-I43,"")
A44: Belém | B44: Entorno | C44: metro_1000m | D44: Estações de metrô até 1000 m | E44: =COUNTIFS(dados!$C$2:$C$55,$A44,dados!$L$2:$L$55,"<>") | F44: =IFERROR(AVERAGEIFS(dados!$L$2:$L$55,dados!$C$2:$C$55,$A44),"") | G44: {=IFERROR(MEDIAN(IF((dados!$C$2:$C$55=$A44)*(dados!$L$2:$L$55<>""),dados!$L$2:$L$55)),"")} | H44: {=IFERROR(STDEV(IF((dados!$C$2:$C$55=$A44)*(dados!$L$2:$L$55<>""),dados!$L$2:$L$55)),"")} | I44: =IF(COUNTIFS(dados!$C$2:$C$55,$A44,dados!$L$2:$L$55,"<>")=0,"",_xlfn.MINIFS(dados!$L$2:$L$55,dados!$C$2:$C$55,$A44)) | J44: =IF(COUNTIFS(dados!$C$2:$C$55,$A44,dados!$L$2:$L$55,"<>")=0,"",_xlfn.MAXIFS(dados!$L$2:$L$55,dados!$C$2:$C$55,$A44)) | K44: =IFERROR(J44-I44,"")
A45: Belém | B45: Entorno | C45: dist_metro_m | D45: Distância à estação de metrô mais próxima | E45: =COUNTIFS(dados!$C$2:$C$55,$A45,dados!$M$2:$M$55,"<>") | F45: =IFERROR(AVERAGEIFS(dados!$M$2:$M$55,dados!$C$2:$C$55,$A45),"") | G45: {=IFERROR(MEDIAN(IF((dados!$C$2:$C$55=$A45)*(dados!$M$2:$M$55<>""),dados!$M$2:$M$55)),"")} | H45: {=IFERROR(STDEV(IF((dados!$C$2:$C$55=$A45)*(dados!$M$2:$M$55<>""),dados!$M$2:$M$55)),"")} | I45: =IF(COUNTIFS(dados!$C$2:$C$55,$A45,dados!$M$2:$M$55,"<>")=0,"",_xlfn.MINIFS(dados!$M$2:$M$55,dados!$C$2:$C$55,$A45)) | J45: =IF(COUNTIFS(dados!$C$2:$C$55,$A45,dados!$M$2:$M$55,"<>")=0,"",_xlfn.MAXIFS(dados!$M$2:$M$55,dados!$C$2:$C$55,$A45)) | K45: =IFERROR(J45-I45,"")
A46: Belém | B46: Entorno | C46: shopping_porte_500m | D46: Shoppings de porte até 500 m (onde o porte foi buscado) | E46: =COUNTIFS(dados!$C$2:$C$55,$A46,dados!$N$2:$N$55,"<>") | F46: =IFERROR(AVERAGEIFS(dados!$N$2:$N$55,dados!$C$2:$C$55,$A46),"") | G46: {=IFERROR(MEDIAN(IF((dados!$C$2:$C$55=$A46)*(dados!$N$2:$N$55<>""),dados!$N$2:$N$55)),"")} | H46: {=IFERROR(STDEV(IF((dados!$C$2:$C$55=$A46)*(dados!$N$2:$N$55<>""),dados!$N$2:$N$55)),"")} | I46: =IF(COUNTIFS(dados!$C$2:$C$55,$A46,dados!$N$2:$N$55,"<>")=0,"",_xlfn.MINIFS(dados!$N$2:$N$55,dados!$C$2:$C$55,$A46)) | J46: =IF(COUNTIFS(dados!$C$2:$C$55,$A46,dados!$N$2:$N$55,"<>")=0,"",_xlfn.MAXIFS(dados!$N$2:$N$55,dados!$C$2:$C$55,$A46)) | K46: =IFERROR(J46-I46,"")
A47: Belém | B47: Entorno | C47: shopping_porte_1000m | D47: Shoppings de porte até 1000 m (onde o porte foi buscado) | E47: =COUNTIFS(dados!$C$2:$C$55,$A47,dados!$O$2:$O$55,"<>") | F47: =IFERROR(AVERAGEIFS(dados!$O$2:$O$55,dados!$C$2:$C$55,$A47),"") | G47: {=IFERROR(MEDIAN(IF((dados!$C$2:$C$55=$A47)*(dados!$O$2:$O$55<>""),dados!$O$2:$O$55)),"")} | H47: {=IFERROR(STDEV(IF((dados!$C$2:$C$55=$A47)*(dados!$O$2:$O$55<>""),dados!$O$2:$O$55)),"")} | I47: =IF(COUNTIFS(dados!$C$2:$C$55,$A47,dados!$O$2:$O$55,"<>")=0,"",_xlfn.MINIFS(dados!$O$2:$O$55,dados!$C$2:$C$55,$A47)) | J47: =IF(COUNTIFS(dados!$C$2:$C$55,$A47,dados!$O$2:$O$55,"<>")=0,"",_xlfn.MAXIFS(dados!$O$2:$O$55,dados!$C$2:$C$55,$A47)) | K47: =IFERROR(J47-I47,"")
A48: Belém | B48: Entorno | C48: dist_shopping_m | D48: Distância ao shopping mais próximo (qualquer porte) | E48: =COUNTIFS(dados!$C$2:$C$55,$A48,dados!$P$2:$P$55,"<>") | F48: =IFERROR(AVERAGEIFS(dados!$P$2:$P$55,dados!$C$2:$C$55,$A48),"") | G48: {=IFERROR(MEDIAN(IF((dados!$C$2:$C$55=$A48)*(dados!$P$2:$P$55<>""),dados!$P$2:$P$55)),"")} | H48: {=IFERROR(STDEV(IF((dados!$C$2:$C$55=$A48)*(dados!$P$2:$P$55<>""),dados!$P$2:$P$55)),"")} | I48: =IF(COUNTIFS(dados!$C$2:$C$55,$A48,dados!$P$2:$P$55,"<>")=0,"",_xlfn.MINIFS(dados!$P$2:$P$55,dados!$C$2:$C$55,$A48)) | J48: =IF(COUNTIFS(dados!$C$2:$C$55,$A48,dados!$P$2:$P$55,"<>")=0,"",_xlfn.MAXIFS(dados!$P$2:$P$55,dados!$C$2:$C$55,$A48)) | K48: =IFERROR(J48-I48,"")
A49: Belém | B49: Instagram | C49: seguidores | D49: Seguidores | E49: =COUNTIFS(dados!$C$2:$C$55,$A49,dados!$Q$2:$Q$55,"<>") | F49: =IFERROR(AVERAGEIFS(dados!$Q$2:$Q$55,dados!$C$2:$C$55,$A49),"") | G49: {=IFERROR(MEDIAN(IF((dados!$C$2:$C$55=$A49)*(dados!$Q$2:$Q$55<>""),dados!$Q$2:$Q$55)),"")} | H49: {=IFERROR(STDEV(IF((dados!$C$2:$C$55=$A49)*(dados!$Q$2:$Q$55<>""),dados!$Q$2:$Q$55)),"")} | I49: =IF(COUNTIFS(dados!$C$2:$C$55,$A49,dados!$Q$2:$Q$55,"<>")=0,"",_xlfn.MINIFS(dados!$Q$2:$Q$55,dados!$C$2:$C$55,$A49)) | J49: =IF(COUNTIFS(dados!$C$2:$C$55,$A49,dados!$Q$2:$Q$55,"<>")=0,"",_xlfn.MAXIFS(dados!$Q$2:$Q$55,dados!$C$2:$C$55,$A49)) | K49: =IFERROR(J49-I49,"")
A50: Belém | B50: Instagram | C50: n_posts_total | D50: Posts desde a criação do perfil | E50: =COUNTIFS(dados!$C$2:$C$55,$A50,dados!$R$2:$R$55,"<>") | F50: =IFERROR(AVERAGEIFS(dados!$R$2:$R$55,dados!$C$2:$C$55,$A50),"") | G50: {=IFERROR(MEDIAN(IF((dados!$C$2:$C$55=$A50)*(dados!$R$2:$R$55<>""),dados!$R$2:$R$55)),"")} | H50: {=IFERROR(STDEV(IF((dados!$C$2:$C$55=$A50)*(dados!$R$2:$R$55<>""),dados!$R$2:$R$55)),"")} | I50: =IF(COUNTIFS(dados!$C$2:$C$55,$A50,dados!$R$2:$R$55,"<>")=0,"",_xlfn.MINIFS(dados!$R$2:$R$55,dados!$C$2:$C$55,$A50)) | J50: =IF(COUNTIFS(dados!$C$2:$C$55,$A50,dados!$R$2:$R$55,"<>")=0,"",_xlfn.MAXIFS(dados!$R$2:$R$55,dados!$C$2:$C$55,$A50)) | K50: =IFERROR(J50-I50,"")
A51: Belém | B51: Instagram | C51: idade_perfil_anos | D51: Idade do perfil (desde o primeiro post até 15/10/2026) | E51: =COUNTIFS(dados!$C$2:$C$55,$A51,dados!$S$2:$S$55,"<>") | F51: =IFERROR(AVERAGEIFS(dados!$S$2:$S$55,dados!$C$2:$C$55,$A51),"") | G51: {=IFERROR(MEDIAN(IF((dados!$C$2:$C$55=$A51)*(dados!$S$2:$S$55<>""),dados!$S$2:$S$55)),"")} | H51: {=IFERROR(STDEV(IF((dados!$C$2:$C$55=$A51)*(dados!$S$2:$S$55<>""),dados!$S$2:$S$55)),"")} | I51: =IF(COUNTIFS(dados!$C$2:$C$55,$A51,dados!$S$2:$S$55,"<>")=0,"",_xlfn.MINIFS(dados!$S$2:$S$55,dados!$C$2:$C$55,$A51)) | J51: =IF(COUNTIFS(dados!$C$2:$C$55,$A51,dados!$S$2:$S$55,"<>")=0,"",_xlfn.MAXIFS(dados!$S$2:$S$55,dados!$C$2:$C$55,$A51)) | K51: =IFERROR(J51-I51,"")
A52: Belém | B52: Instagram | C52: n_posts_periodo | D52: Posts de 01/09 a 01/10/2026 | E52: =COUNTIFS(dados!$C$2:$C$55,$A52,dados!$T$2:$T$55,"<>") | F52: =IFERROR(AVERAGEIFS(dados!$T$2:$T$55,dados!$C$2:$C$55,$A52),"") | G52: {=IFERROR(MEDIAN(IF((dados!$C$2:$C$55=$A52)*(dados!$T$2:$T$55<>""),dados!$T$2:$T$55)),"")} | H52: {=IFERROR(STDEV(IF((dados!$C$2:$C$55=$A52)*(dados!$T$2:$T$55<>""),dados!$T$2:$T$55)),"")} | I52: =IF(COUNTIFS(dados!$C$2:$C$55,$A52,dados!$T$2:$T$55,"<>")=0,"",_xlfn.MINIFS(dados!$T$2:$T$55,dados!$C$2:$C$55,$A52)) | J52: =IF(COUNTIFS(dados!$C$2:$C$55,$A52,dados!$T$2:$T$55,"<>")=0,"",_xlfn.MAXIFS(dados!$T$2:$T$55,dados!$C$2:$C$55,$A52)) | K52: =IFERROR(J52-I52,"")
A53: Belém | B53: Instagram | C53: curtidas_periodo | D53: Curtidas no período | E53: =COUNTIFS(dados!$C$2:$C$55,$A53,dados!$U$2:$U$55,"<>") | F53: =IFERROR(AVERAGEIFS(dados!$U$2:$U$55,dados!$C$2:$C$55,$A53),"") | G53: {=IFERROR(MEDIAN(IF((dados!$C$2:$C$55=$A53)*(dados!$U$2:$U$55<>""),dados!$U$2:$U$55)),"")} | H53: {=IFERROR(STDEV(IF((dados!$C$2:$C$55=$A53)*(dados!$U$2:$U$55<>""),dados!$U$2:$U$55)),"")} | I53: =IF(COUNTIFS(dados!$C$2:$C$55,$A53,dados!$U$2:$U$55,"<>")=0,"",_xlfn.MINIFS(dados!$U$2:$U$55,dados!$C$2:$C$55,$A53)) | J53: =IF(COUNTIFS(dados!$C$2:$C$55,$A53,dados!$U$2:$U$55,"<>")=0,"",_xlfn.MAXIFS(dados!$U$2:$U$55,dados!$C$2:$C$55,$A53)) | K53: =IFERROR(J53-I53,"")
A54: Belém | B54: Instagram | C54: comentarios_periodo | D54: Comentários no período | E54: =COUNTIFS(dados!$C$2:$C$55,$A54,dados!$V$2:$V$55,"<>") | F54: =IFERROR(AVERAGEIFS(dados!$V$2:$V$55,dados!$C$2:$C$55,$A54),"") | G54: {=IFERROR(MEDIAN(IF((dados!$C$2:$C$55=$A54)*(dados!$V$2:$V$55<>""),dados!$V$2:$V$55)),"")} | H54: {=IFERROR(STDEV(IF((dados!$C$2:$C$55=$A54)*(dados!$V$2:$V$55<>""),dados!$V$2:$V$55)),"")} | I54: =IF(COUNTIFS(dados!$C$2:$C$55,$A54,dados!$V$2:$V$55,"<>")=0,"",_xlfn.MINIFS(dados!$V$2:$V$55,dados!$C$2:$C$55,$A54)) | J54: =IF(COUNTIFS(dados!$C$2:$C$55,$A54,dados!$V$2:$V$55,"<>")=0,"",_xlfn.MAXIFS(dados!$V$2:$V$55,dados!$C$2:$C$55,$A54)) | K54: =IFERROR(J54-I54,"")
A55: Belém | B55: Instagram | C55: interacoes_por_post | D55: Interações por post no período (curtidas + comentários) | E55: =COUNTIFS(dados!$C$2:$C$55,$A55,dados!$W$2:$W$55,"<>") | F55: =IFERROR(AVERAGEIFS(dados!$W$2:$W$55,dados!$C$2:$C$55,$A55),"") | G55: {=IFERROR(MEDIAN(IF((dados!$C$2:$C$55=$A55)*(dados!$W$2:$W$55<>""),dados!$W$2:$W$55)),"")} | H55: {=IFERROR(STDEV(IF((dados!$C$2:$C$55=$A55)*(dados!$W$2:$W$55<>""),dados!$W$2:$W$55)),"")} | I55: =IF(COUNTIFS(dados!$C$2:$C$55,$A55,dados!$W$2:$W$55,"<>")=0,"",_xlfn.MINIFS(dados!$W$2:$W$55,dados!$C$2:$C$55,$A55)) | J55: =IF(COUNTIFS(dados!$C$2:$C$55,$A55,dados!$W$2:$W$55,"<>")=0,"",_xlfn.MAXIFS(dados!$W$2:$W$55,dados!$C$2:$C$55,$A55)) | K55: =IFERROR(J55-I55,"")
A56: Belém | B56: Instagram | C56: engajamento_pct | D56: Taxa de engajamento (interações por post ÷ seguidores) | E56: =COUNTIFS(dados!$C$2:$C$55,$A56,dados!$X$2:$X$55,"<>") | F56: =IFERROR(AVERAGEIFS(dados!$X$2:$X$55,dados!$C$2:$C$55,$A56),"") | G56: {=IFERROR(MEDIAN(IF((dados!$C$2:$C$55=$A56)*(dados!$X$2:$X$55<>""),dados!$X$2:$X$55)),"")} | H56: {=IFERROR(STDEV(IF((dados!$C$2:$C$55=$A56)*(dados!$X$2:$X$55<>""),dados!$X$2:$X$55)),"")} | I56: =IF(COUNTIFS(dados!$C$2:$C$55,$A56,dados!$X$2:$X$55,"<>")=0,"",_xlfn.MINIFS(dados!$X$2:$X$55,dados!$C$2:$C$55,$A56)) | J56: =IF(COUNTIFS(dados!$C$2:$C$55,$A56,dados!$X$2:$X$55,"<>")=0,"",_xlfn.MAXIFS(dados!$X$2:$X$55,dados!$C$2:$C$55,$A56)) | K56: =IFERROR(J56-I56,"")
A57: Belém | B57: Cardápio | C57: itens_com_preco | D57: Itens com preço no cardápio | E57: =COUNTIFS(dados!$C$2:$C$55,$A57,dados!$Y$2:$Y$55,"<>") | F57: =IFERROR(AVERAGEIFS(dados!$Y$2:$Y$55,dados!$C$2:$C$55,$A57),"") | G57: {=IFERROR(MEDIAN(IF((dados!$C$2:$C$55=$A57)*(dados!$Y$2:$Y$55<>""),dados!$Y$2:$Y$55)),"")} | H57: {=IFERROR(STDEV(IF((dados!$C$2:$C$55=$A57)*(dados!$Y$2:$Y$55<>""),dados!$Y$2:$Y$55)),"")} | I57: =IF(COUNTIFS(dados!$C$2:$C$55,$A57,dados!$Y$2:$Y$55,"<>")=0,"",_xlfn.MINIFS(dados!$Y$2:$Y$55,dados!$C$2:$C$55,$A57)) | J57: =IF(COUNTIFS(dados!$C$2:$C$55,$A57,dados!$Y$2:$Y$55,"<>")=0,"",_xlfn.MAXIFS(dados!$Y$2:$Y$55,dados!$C$2:$C$55,$A57)) | K57: =IFERROR(J57-I57,"")
A58: Belém | B58: Cardápio | C58: couvert_mediana | D58: Couvert ou taxa de jogo (só casas que cobram) | E58: =COUNTIFS(dados!$C$2:$C$55,$A58,dados!$Z$2:$Z$55,"<>") | F58: =IFERROR(AVERAGEIFS(dados!$Z$2:$Z$55,dados!$C$2:$C$55,$A58),"") | G58: {=IFERROR(MEDIAN(IF((dados!$C$2:$C$55=$A58)*(dados!$Z$2:$Z$55<>""),dados!$Z$2:$Z$55)),"")} | H58: {=IFERROR(STDEV(IF((dados!$C$2:$C$55=$A58)*(dados!$Z$2:$Z$55<>""),dados!$Z$2:$Z$55)),"")} | I58: =IF(COUNTIFS(dados!$C$2:$C$55,$A58,dados!$Z$2:$Z$55,"<>")=0,"",_xlfn.MINIFS(dados!$Z$2:$Z$55,dados!$C$2:$C$55,$A58)) | J58: =IF(COUNTIFS(dados!$C$2:$C$55,$A58,dados!$Z$2:$Z$55,"<>")=0,"",_xlfn.MAXIFS(dados!$Z$2:$Z$55,dados!$C$2:$C$55,$A58)) | K58: =IFERROR(J58-I58,"")
A59: Belém | B59: Cardápio | C59: bebida_mediana | D59: Bebida, mediana do cardápio | E59: =COUNTIFS(dados!$C$2:$C$55,$A59,dados!$AA$2:$AA$55,"<>") | F59: =IFERROR(AVERAGEIFS(dados!$AA$2:$AA$55,dados!$C$2:$C$55,$A59),"") | G59: {=IFERROR(MEDIAN(IF((dados!$C$2:$C$55=$A59)*(dados!$AA$2:$AA$55<>""),dados!$AA$2:$AA$55)),"")} | H59: {=IFERROR(STDEV(IF((dados!$C$2:$C$55=$A59)*(dados!$AA$2:$AA$55<>""),dados!$AA$2:$AA$55)),"")} | I59: =IF(COUNTIFS(dados!$C$2:$C$55,$A59,dados!$AA$2:$AA$55,"<>")=0,"",_xlfn.MINIFS(dados!$AA$2:$AA$55,dados!$C$2:$C$55,$A59)) | J59: =IF(COUNTIFS(dados!$C$2:$C$55,$A59,dados!$AA$2:$AA$55,"<>")=0,"",_xlfn.MAXIFS(dados!$AA$2:$AA$55,dados!$C$2:$C$55,$A59)) | K59: =IFERROR(J59-I59,"")
A60: Belém | B60: Cardápio | C60: entrada_ou_prato_mediana | D60: Entrada ou prato, mediana do cardápio | E60: =COUNTIFS(dados!$C$2:$C$55,$A60,dados!$AB$2:$AB$55,"<>") | F60: =IFERROR(AVERAGEIFS(dados!$AB$2:$AB$55,dados!$C$2:$C$55,$A60),"") | G60: {=IFERROR(MEDIAN(IF((dados!$C$2:$C$55=$A60)*(dados!$AB$2:$AB$55<>""),dados!$AB$2:$AB$55)),"")} | H60: {=IFERROR(STDEV(IF((dados!$C$2:$C$55=$A60)*(dados!$AB$2:$AB$55<>""),dados!$AB$2:$AB$55)),"")} | I60: =IF(COUNTIFS(dados!$C$2:$C$55,$A60,dados!$AB$2:$AB$55,"<>")=0,"",_xlfn.MINIFS(dados!$AB$2:$AB$55,dados!$C$2:$C$55,$A60)) | J60: =IF(COUNTIFS(dados!$C$2:$C$55,$A60,dados!$AB$2:$AB$55,"<>")=0,"",_xlfn.MAXIFS(dados!$AB$2:$AB$55,dados!$C$2:$C$55,$A60)) | K60: =IFERROR(J60-I60,"")
A61: Belém | B61: Cardápio | C61: cesta_baixa | D61: Cesta por pessoa, nível baixo (P25) | E61: =COUNTIFS(dados!$C$2:$C$55,$A61,dados!$AC$2:$AC$55,"<>") | F61: =IFERROR(AVERAGEIFS(dados!$AC$2:$AC$55,dados!$C$2:$C$55,$A61),"") | G61: {=IFERROR(MEDIAN(IF((dados!$C$2:$C$55=$A61)*(dados!$AC$2:$AC$55<>""),dados!$AC$2:$AC$55)),"")} | H61: {=IFERROR(STDEV(IF((dados!$C$2:$C$55=$A61)*(dados!$AC$2:$AC$55<>""),dados!$AC$2:$AC$55)),"")} | I61: =IF(COUNTIFS(dados!$C$2:$C$55,$A61,dados!$AC$2:$AC$55,"<>")=0,"",_xlfn.MINIFS(dados!$AC$2:$AC$55,dados!$C$2:$C$55,$A61)) | J61: =IF(COUNTIFS(dados!$C$2:$C$55,$A61,dados!$AC$2:$AC$55,"<>")=0,"",_xlfn.MAXIFS(dados!$AC$2:$AC$55,dados!$C$2:$C$55,$A61)) | K61: =IFERROR(J61-I61,"")
A62: Belém | B62: Cardápio | C62: cesta_mediana | D62: Cesta por pessoa, nível mediano | E62: =COUNTIFS(dados!$C$2:$C$55,$A62,dados!$AD$2:$AD$55,"<>") | F62: =IFERROR(AVERAGEIFS(dados!$AD$2:$AD$55,dados!$C$2:$C$55,$A62),"") | G62: {=IFERROR(MEDIAN(IF((dados!$C$2:$C$55=$A62)*(dados!$AD$2:$AD$55<>""),dados!$AD$2:$AD$55)),"")} | H62: {=IFERROR(STDEV(IF((dados!$C$2:$C$55=$A62)*(dados!$AD$2:$AD$55<>""),dados!$AD$2:$AD$55)),"")} | I62: =IF(COUNTIFS(dados!$C$2:$C$55,$A62,dados!$AD$2:$AD$55,"<>")=0,"",_xlfn.MINIFS(dados!$AD$2:$AD$55,dados!$C$2:$C$55,$A62)) | J62: =IF(COUNTIFS(dados!$C$2:$C$55,$A62,dados!$AD$2:$AD$55,"<>")=0,"",_xlfn.MAXIFS(dados!$AD$2:$AD$55,dados!$C$2:$C$55,$A62)) | K62: =IFERROR(J62-I62,"")
A63: Belém | B63: Cardápio | C63: cesta_alta | D63: Cesta por pessoa, nível alto (P75) | E63: =COUNTIFS(dados!$C$2:$C$55,$A63,dados!$AE$2:$AE$55,"<>") | F63: =IFERROR(AVERAGEIFS(dados!$AE$2:$AE$55,dados!$C$2:$C$55,$A63),"") | G63: {=IFERROR(MEDIAN(IF((dados!$C$2:$C$55=$A63)*(dados!$AE$2:$AE$55<>""),dados!$AE$2:$AE$55)),"")} | H63: {=IFERROR(STDEV(IF((dados!$C$2:$C$55=$A63)*(dados!$AE$2:$AE$55<>""),dados!$AE$2:$AE$55)),"")} | I63: =IF(COUNTIFS(dados!$C$2:$C$55,$A63,dados!$AE$2:$AE$55,"<>")=0,"",_xlfn.MINIFS(dados!$AE$2:$AE$55,dados!$C$2:$C$55,$A63)) | J63: =IF(COUNTIFS(dados!$C$2:$C$55,$A63,dados!$AE$2:$AE$55,"<>")=0,"",_xlfn.MAXIFS(dados!$AE$2:$AE$55,dados!$C$2:$C$55,$A63)) | K63: =IFERROR(J63-I63,"")
A64: Belém | B64: Cardápio | C64: hamburguer_mediana | D64: Hambúrguer, mediana | E64: =COUNTIFS(dados!$C$2:$C$55,$A64,dados!$AF$2:$AF$55,"<>") | F64: =IFERROR(AVERAGEIFS(dados!$AF$2:$AF$55,dados!$C$2:$C$55,$A64),"") | G64: {=IFERROR(MEDIAN(IF((dados!$C$2:$C$55=$A64)*(dados!$AF$2:$AF$55<>""),dados!$AF$2:$AF$55)),"")} | H64: {=IFERROR(STDEV(IF((dados!$C$2:$C$55=$A64)*(dados!$AF$2:$AF$55<>""),dados!$AF$2:$AF$55)),"")} | I64: =IF(COUNTIFS(dados!$C$2:$C$55,$A64,dados!$AF$2:$AF$55,"<>")=0,"",_xlfn.MINIFS(dados!$AF$2:$AF$55,dados!$C$2:$C$55,$A64)) | J64: =IF(COUNTIFS(dados!$C$2:$C$55,$A64,dados!$AF$2:$AF$55,"<>")=0,"",_xlfn.MAXIFS(dados!$AF$2:$AF$55,dados!$C$2:$C$55,$A64)) | K64: =IFERROR(J64-I64,"")
A65: Belém | B65: Cardápio | C65: batata_mediana | D65: Batata, mediana | E65: =COUNTIFS(dados!$C$2:$C$55,$A65,dados!$AG$2:$AG$55,"<>") | F65: =IFERROR(AVERAGEIFS(dados!$AG$2:$AG$55,dados!$C$2:$C$55,$A65),"") | G65: {=IFERROR(MEDIAN(IF((dados!$C$2:$C$55=$A65)*(dados!$AG$2:$AG$55<>""),dados!$AG$2:$AG$55)),"")} | H65: {=IFERROR(STDEV(IF((dados!$C$2:$C$55=$A65)*(dados!$AG$2:$AG$55<>""),dados!$AG$2:$AG$55)),"")} | I65: =IF(COUNTIFS(dados!$C$2:$C$55,$A65,dados!$AG$2:$AG$55,"<>")=0,"",_xlfn.MINIFS(dados!$AG$2:$AG$55,dados!$C$2:$C$55,$A65)) | J65: =IF(COUNTIFS(dados!$C$2:$C$55,$A65,dados!$AG$2:$AG$55,"<>")=0,"",_xlfn.MAXIFS(dados!$AG$2:$AG$55,dados!$C$2:$C$55,$A65)) | K65: =IFERROR(J65-I65,"")
A66: Belém | B66: Cardápio | C66: cerveja_mediana | D66: Cerveja, mediana | E66: =COUNTIFS(dados!$C$2:$C$55,$A66,dados!$AH$2:$AH$55,"<>") | F66: =IFERROR(AVERAGEIFS(dados!$AH$2:$AH$55,dados!$C$2:$C$55,$A66),"") | G66: {=IFERROR(MEDIAN(IF((dados!$C$2:$C$55=$A66)*(dados!$AH$2:$AH$55<>""),dados!$AH$2:$AH$55)),"")} | H66: {=IFERROR(STDEV(IF((dados!$C$2:$C$55=$A66)*(dados!$AH$2:$AH$55<>""),dados!$AH$2:$AH$55)),"")} | I66: =IF(COUNTIFS(dados!$C$2:$C$55,$A66,dados!$AH$2:$AH$55,"<>")=0,"",_xlfn.MINIFS(dados!$AH$2:$AH$55,dados!$C$2:$C$55,$A66)) | J66: =IF(COUNTIFS(dados!$C$2:$C$55,$A66,dados!$AH$2:$AH$55,"<>")=0,"",_xlfn.MAXIFS(dados!$AH$2:$AH$55,dados!$C$2:$C$55,$A66)) | K66: =IFERROR(J66-I66,"")
A67: Belém | B67: Cardápio | C67: refrigerante_mediana | D67: Refrigerante, mediana | E67: =COUNTIFS(dados!$C$2:$C$55,$A67,dados!$AI$2:$AI$55,"<>") | F67: =IFERROR(AVERAGEIFS(dados!$AI$2:$AI$55,dados!$C$2:$C$55,$A67),"") | G67: {=IFERROR(MEDIAN(IF((dados!$C$2:$C$55=$A67)*(dados!$AI$2:$AI$55<>""),dados!$AI$2:$AI$55)),"")} | H67: {=IFERROR(STDEV(IF((dados!$C$2:$C$55=$A67)*(dados!$AI$2:$AI$55<>""),dados!$AI$2:$AI$55)),"")} | I67: =IF(COUNTIFS(dados!$C$2:$C$55,$A67,dados!$AI$2:$AI$55,"<>")=0,"",_xlfn.MINIFS(dados!$AI$2:$AI$55,dados!$C$2:$C$55,$A67)) | J67: =IF(COUNTIFS(dados!$C$2:$C$55,$A67,dados!$AI$2:$AI$55,"<>")=0,"",_xlfn.MAXIFS(dados!$AI$2:$AI$55,dados!$C$2:$C$55,$A67)) | K67: =IFERROR(J67-I67,"")
A68: Belém | B68: Cardápio | C68: drinks_mediana | D68: Drinks, mediana | E68: =COUNTIFS(dados!$C$2:$C$55,$A68,dados!$AJ$2:$AJ$55,"<>") | F68: =IFERROR(AVERAGEIFS(dados!$AJ$2:$AJ$55,dados!$C$2:$C$55,$A68),"") | G68: {=IFERROR(MEDIAN(IF((dados!$C$2:$C$55=$A68)*(dados!$AJ$2:$AJ$55<>""),dados!$AJ$2:$AJ$55)),"")} | H68: {=IFERROR(STDEV(IF((dados!$C$2:$C$55=$A68)*(dados!$AJ$2:$AJ$55<>""),dados!$AJ$2:$AJ$55)),"")} | I68: =IF(COUNTIFS(dados!$C$2:$C$55,$A68,dados!$AJ$2:$AJ$55,"<>")=0,"",_xlfn.MINIFS(dados!$AJ$2:$AJ$55,dados!$C$2:$C$55,$A68)) | J68: =IF(COUNTIFS(dados!$C$2:$C$55,$A68,dados!$AJ$2:$AJ$55,"<>")=0,"",_xlfn.MAXIFS(dados!$AJ$2:$AJ$55,dados!$C$2:$C$55,$A68)) | K68: =IFERROR(J68-I68,"")
A69: Belém | B69: Acervo | C69: titulos_acervo | D69: Títulos no acervo publicado | E69: =COUNTIFS(dados!$C$2:$C$55,$A69,dados!$AK$2:$AK$55,"<>") | F69: =IFERROR(AVERAGEIFS(dados!$AK$2:$AK$55,dados!$C$2:$C$55,$A69),"") | G69: {=IFERROR(MEDIAN(IF((dados!$C$2:$C$55=$A69)*(dados!$AK$2:$AK$55<>""),dados!$AK$2:$AK$55)),"")} | H69: {=IFERROR(STDEV(IF((dados!$C$2:$C$55=$A69)*(dados!$AK$2:$AK$55<>""),dados!$AK$2:$AK$55)),"")} | I69: =IF(COUNTIFS(dados!$C$2:$C$55,$A69,dados!$AK$2:$AK$55,"<>")=0,"",_xlfn.MINIFS(dados!$AK$2:$AK$55,dados!$C$2:$C$55,$A69)) | J69: =IF(COUNTIFS(dados!$C$2:$C$55,$A69,dados!$AK$2:$AK$55,"<>")=0,"",_xlfn.MAXIFS(dados!$AK$2:$AK$55,dados!$C$2:$C$55,$A69)) | K69: =IFERROR(J69-I69,"")
A70: Belém | B70: B2 | C70: avaliacoes_b2 | D70: Avaliações no recorte do B2 (até '3 meses atrás') | E70: =COUNTIFS(dados!$C$2:$C$55,$A70,dados!$AL$2:$AL$55,"<>") | F70: =IFERROR(AVERAGEIFS(dados!$AL$2:$AL$55,dados!$C$2:$C$55,$A70),"") | G70: {=IFERROR(MEDIAN(IF((dados!$C$2:$C$55=$A70)*(dados!$AL$2:$AL$55<>""),dados!$AL$2:$AL$55)),"")} | H70: {=IFERROR(STDEV(IF((dados!$C$2:$C$55=$A70)*(dados!$AL$2:$AL$55<>""),dados!$AL$2:$AL$55)),"")} | I70: =IF(COUNTIFS(dados!$C$2:$C$55,$A70,dados!$AL$2:$AL$55,"<>")=0,"",_xlfn.MINIFS(dados!$AL$2:$AL$55,dados!$C$2:$C$55,$A70)) | J70: =IF(COUNTIFS(dados!$C$2:$C$55,$A70,dados!$AL$2:$AL$55,"<>")=0,"",_xlfn.MAXIFS(dados!$AL$2:$AL$55,dados!$C$2:$C$55,$A70)) | K70: =IFERROR(J70-I70,"")
A71: Belém | B71: B2 | C71: avaliacoes_b2_com_texto | D71: Dessas, com texto | E71: =COUNTIFS(dados!$C$2:$C$55,$A71,dados!$AM$2:$AM$55,"<>") | F71: =IFERROR(AVERAGEIFS(dados!$AM$2:$AM$55,dados!$C$2:$C$55,$A71),"") | G71: {=IFERROR(MEDIAN(IF((dados!$C$2:$C$55=$A71)*(dados!$AM$2:$AM$55<>""),dados!$AM$2:$AM$55)),"")} | H71: {=IFERROR(STDEV(IF((dados!$C$2:$C$55=$A71)*(dados!$AM$2:$AM$55<>""),dados!$AM$2:$AM$55)),"")} | I71: =IF(COUNTIFS(dados!$C$2:$C$55,$A71,dados!$AM$2:$AM$55,"<>")=0,"",_xlfn.MINIFS(dados!$AM$2:$AM$55,dados!$C$2:$C$55,$A71)) | J71: =IF(COUNTIFS(dados!$C$2:$C$55,$A71,dados!$AM$2:$AM$55,"<>")=0,"",_xlfn.MAXIFS(dados!$AM$2:$AM$55,dados!$C$2:$C$55,$A71)) | K71: =IFERROR(J71-I71,"")
A72: Brasília | B72: Google Maps | C72: avaliacao_media | D72: Nota média no Google | E72: =COUNTIFS(dados!$C$2:$C$55,$A72,dados!$E$2:$E$55,"<>") | F72: =IFERROR(AVERAGEIFS(dados!$E$2:$E$55,dados!$C$2:$C$55,$A72),"") | G72: {=IFERROR(MEDIAN(IF((dados!$C$2:$C$55=$A72)*(dados!$E$2:$E$55<>""),dados!$E$2:$E$55)),"")} | H72: {=IFERROR(STDEV(IF((dados!$C$2:$C$55=$A72)*(dados!$E$2:$E$55<>""),dados!$E$2:$E$55)),"")} | I72: =IF(COUNTIFS(dados!$C$2:$C$55,$A72,dados!$E$2:$E$55,"<>")=0,"",_xlfn.MINIFS(dados!$E$2:$E$55,dados!$C$2:$C$55,$A72)) | J72: =IF(COUNTIFS(dados!$C$2:$C$55,$A72,dados!$E$2:$E$55,"<>")=0,"",_xlfn.MAXIFS(dados!$E$2:$E$55,dados!$C$2:$C$55,$A72)) | K72: =IFERROR(J72-I72,"")
A73: Brasília | B73: Google Maps | C73: volume_avaliacoes | D73: Nº de avaliações no Google | E73: =COUNTIFS(dados!$C$2:$C$55,$A73,dados!$F$2:$F$55,"<>") | F73: =IFERROR(AVERAGEIFS(dados!$F$2:$F$55,dados!$C$2:$C$55,$A73),"") | G73: {=IFERROR(MEDIAN(IF((dados!$C$2:$C$55=$A73)*(dados!$F$2:$F$55<>""),dados!$F$2:$F$55)),"")} | H73: {=IFERROR(STDEV(IF((dados!$C$2:$C$55=$A73)*(dados!$F$2:$F$55<>""),dados!$F$2:$F$55)),"")} | I73: =IF(COUNTIFS(dados!$C$2:$C$55,$A73,dados!$F$2:$F$55,"<>")=0,"",_xlfn.MINIFS(dados!$F$2:$F$55,dados!$C$2:$C$55,$A73)) | J73: =IF(COUNTIFS(dados!$C$2:$C$55,$A73,dados!$F$2:$F$55,"<>")=0,"",_xlfn.MAXIFS(dados!$F$2:$F$55,dados!$C$2:$C$55,$A73)) | K73: =IFERROR(J73-I73,"")
A74: Brasília | B74: Horários | C74: dias_abertos | D74: Dias abertos por semana | E74: =COUNTIFS(dados!$C$2:$C$55,$A74,dados!$G$2:$G$55,"<>") | F74: =IFERROR(AVERAGEIFS(dados!$G$2:$G$55,dados!$C$2:$C$55,$A74),"") | G74: {=IFERROR(MEDIAN(IF((dados!$C$2:$C$55=$A74)*(dados!$G$2:$G$55<>""),dados!$G$2:$G$55)),"")} | H74: {=IFERROR(STDEV(IF((dados!$C$2:$C$55=$A74)*(dados!$G$2:$G$55<>""),dados!$G$2:$G$55)),"")} | I74: =IF(COUNTIFS(dados!$C$2:$C$55,$A74,dados!$G$2:$G$55,"<>")=0,"",_xlfn.MINIFS(dados!$G$2:$G$55,dados!$C$2:$C$55,$A74)) | J74: =IF(COUNTIFS(dados!$C$2:$C$55,$A74,dados!$G$2:$G$55,"<>")=0,"",_xlfn.MAXIFS(dados!$G$2:$G$55,dados!$C$2:$C$55,$A74)) | K74: =IFERROR(J74-I74,"")
A75: Brasília | B75: Horários | C75: horas_semana | D75: Horas abertas por semana | E75: =COUNTIFS(dados!$C$2:$C$55,$A75,dados!$H$2:$H$55,"<>") | F75: =IFERROR(AVERAGEIFS(dados!$H$2:$H$55,dados!$C$2:$C$55,$A75),"") | G75: {=IFERROR(MEDIAN(IF((dados!$C$2:$C$55=$A75)*(dados!$H$2:$H$55<>""),dados!$H$2:$H$55)),"")} | H75: {=IFERROR(STDEV(IF((dados!$C$2:$C$55=$A75)*(dados!$H$2:$H$55<>""),dados!$H$2:$H$55)),"")} | I75: =IF(COUNTIFS(dados!$C$2:$C$55,$A75,dados!$H$2:$H$55,"<>")=0,"",_xlfn.MINIFS(dados!$H$2:$H$55,dados!$C$2:$C$55,$A75)) | J75: =IF(COUNTIFS(dados!$C$2:$C$55,$A75,dados!$H$2:$H$55,"<>")=0,"",_xlfn.MAXIFS(dados!$H$2:$H$55,dados!$C$2:$C$55,$A75)) | K75: =IFERROR(J75-I75,"")
A76: Brasília | B76: Horários | C76: abre_cedo_h | D76: Abertura mais cedo da semana | E76: =COUNTIFS(dados!$C$2:$C$55,$A76,dados!$I$2:$I$55,"<>") | F76: =IFERROR(AVERAGEIFS(dados!$I$2:$I$55,dados!$C$2:$C$55,$A76),"") | G76: {=IFERROR(MEDIAN(IF((dados!$C$2:$C$55=$A76)*(dados!$I$2:$I$55<>""),dados!$I$2:$I$55)),"")} | H76: {=IFERROR(STDEV(IF((dados!$C$2:$C$55=$A76)*(dados!$I$2:$I$55<>""),dados!$I$2:$I$55)),"")} | I76: =IF(COUNTIFS(dados!$C$2:$C$55,$A76,dados!$I$2:$I$55,"<>")=0,"",_xlfn.MINIFS(dados!$I$2:$I$55,dados!$C$2:$C$55,$A76)) | J76: =IF(COUNTIFS(dados!$C$2:$C$55,$A76,dados!$I$2:$I$55,"<>")=0,"",_xlfn.MAXIFS(dados!$I$2:$I$55,dados!$C$2:$C$55,$A76)) | K76: =IFERROR(J76-I76,"")
A77: Brasília | B77: Horários | C77: fecha_tarde_h | D77: Fechamento mais tarde da semana (25 = 1h da manhã) | E77: =COUNTIFS(dados!$C$2:$C$55,$A77,dados!$J$2:$J$55,"<>") | F77: =IFERROR(AVERAGEIFS(dados!$J$2:$J$55,dados!$C$2:$C$55,$A77),"") | G77: {=IFERROR(MEDIAN(IF((dados!$C$2:$C$55=$A77)*(dados!$J$2:$J$55<>""),dados!$J$2:$J$55)),"")} | H77: {=IFERROR(STDEV(IF((dados!$C$2:$C$55=$A77)*(dados!$J$2:$J$55<>""),dados!$J$2:$J$55)),"")} | I77: =IF(COUNTIFS(dados!$C$2:$C$55,$A77,dados!$J$2:$J$55,"<>")=0,"",_xlfn.MINIFS(dados!$J$2:$J$55,dados!$C$2:$C$55,$A77)) | J77: =IF(COUNTIFS(dados!$C$2:$C$55,$A77,dados!$J$2:$J$55,"<>")=0,"",_xlfn.MAXIFS(dados!$J$2:$J$55,dados!$C$2:$C$55,$A77)) | K77: =IFERROR(J77-I77,"")
A78: Brasília | B78: Entorno | C78: metro_500m | D78: Estações de metrô até 500 m | E78: =COUNTIFS(dados!$C$2:$C$55,$A78,dados!$K$2:$K$55,"<>") | F78: =IFERROR(AVERAGEIFS(dados!$K$2:$K$55,dados!$C$2:$C$55,$A78),"") | G78: {=IFERROR(MEDIAN(IF((dados!$C$2:$C$55=$A78)*(dados!$K$2:$K$55<>""),dados!$K$2:$K$55)),"")} | H78: {=IFERROR(STDEV(IF((dados!$C$2:$C$55=$A78)*(dados!$K$2:$K$55<>""),dados!$K$2:$K$55)),"")} | I78: =IF(COUNTIFS(dados!$C$2:$C$55,$A78,dados!$K$2:$K$55,"<>")=0,"",_xlfn.MINIFS(dados!$K$2:$K$55,dados!$C$2:$C$55,$A78)) | J78: =IF(COUNTIFS(dados!$C$2:$C$55,$A78,dados!$K$2:$K$55,"<>")=0,"",_xlfn.MAXIFS(dados!$K$2:$K$55,dados!$C$2:$C$55,$A78)) | K78: =IFERROR(J78-I78,"")
A79: Brasília | B79: Entorno | C79: metro_1000m | D79: Estações de metrô até 1000 m | E79: =COUNTIFS(dados!$C$2:$C$55,$A79,dados!$L$2:$L$55,"<>") | F79: =IFERROR(AVERAGEIFS(dados!$L$2:$L$55,dados!$C$2:$C$55,$A79),"") | G79: {=IFERROR(MEDIAN(IF((dados!$C$2:$C$55=$A79)*(dados!$L$2:$L$55<>""),dados!$L$2:$L$55)),"")} | H79: {=IFERROR(STDEV(IF((dados!$C$2:$C$55=$A79)*(dados!$L$2:$L$55<>""),dados!$L$2:$L$55)),"")} | I79: =IF(COUNTIFS(dados!$C$2:$C$55,$A79,dados!$L$2:$L$55,"<>")=0,"",_xlfn.MINIFS(dados!$L$2:$L$55,dados!$C$2:$C$55,$A79)) | J79: =IF(COUNTIFS(dados!$C$2:$C$55,$A79,dados!$L$2:$L$55,"<>")=0,"",_xlfn.MAXIFS(dados!$L$2:$L$55,dados!$C$2:$C$55,$A79)) | K79: =IFERROR(J79-I79,"")
A80: Brasília | B80: Entorno | C80: dist_metro_m | D80: Distância à estação de metrô mais próxima | E80: =COUNTIFS(dados!$C$2:$C$55,$A80,dados!$M$2:$M$55,"<>") | F80: =IFERROR(AVERAGEIFS(dados!$M$2:$M$55,dados!$C$2:$C$55,$A80),"") | G80: {=IFERROR(MEDIAN(IF((dados!$C$2:$C$55=$A80)*(dados!$M$2:$M$55<>""),dados!$M$2:$M$55)),"")} | H80: {=IFERROR(STDEV(IF((dados!$C$2:$C$55=$A80)*(dados!$M$2:$M$55<>""),dados!$M$2:$M$55)),"")} | I80: =IF(COUNTIFS(dados!$C$2:$C$55,$A80,dados!$M$2:$M$55,"<>")=0,"",_xlfn.MINIFS(dados!$M$2:$M$55,dados!$C$2:$C$55,$A80)) | J80: =IF(COUNTIFS(dados!$C$2:$C$55,$A80,dados!$M$2:$M$55,"<>")=0,"",_xlfn.MAXIFS(dados!$M$2:$M$55,dados!$C$2:$C$55,$A80)) | K80: =IFERROR(J80-I80,"")
A81: Brasília | B81: Entorno | C81: shopping_porte_500m | D81: Shoppings de porte até 500 m (onde o porte foi buscado) | E81: =COUNTIFS(dados!$C$2:$C$55,$A81,dados!$N$2:$N$55,"<>") | F81: =IFERROR(AVERAGEIFS(dados!$N$2:$N$55,dados!$C$2:$C$55,$A81),"") | G81: {=IFERROR(MEDIAN(IF((dados!$C$2:$C$55=$A81)*(dados!$N$2:$N$55<>""),dados!$N$2:$N$55)),"")} | H81: {=IFERROR(STDEV(IF((dados!$C$2:$C$55=$A81)*(dados!$N$2:$N$55<>""),dados!$N$2:$N$55)),"")} | I81: =IF(COUNTIFS(dados!$C$2:$C$55,$A81,dados!$N$2:$N$55,"<>")=0,"",_xlfn.MINIFS(dados!$N$2:$N$55,dados!$C$2:$C$55,$A81)) | J81: =IF(COUNTIFS(dados!$C$2:$C$55,$A81,dados!$N$2:$N$55,"<>")=0,"",_xlfn.MAXIFS(dados!$N$2:$N$55,dados!$C$2:$C$55,$A81)) | K81: =IFERROR(J81-I81,"")
A82: Brasília | B82: Entorno | C82: shopping_porte_1000m | D82: Shoppings de porte até 1000 m (onde o porte foi buscado) | E82: =COUNTIFS(dados!$C$2:$C$55,$A82,dados!$O$2:$O$55,"<>") | F82: =IFERROR(AVERAGEIFS(dados!$O$2:$O$55,dados!$C$2:$C$55,$A82),"") | G82: {=IFERROR(MEDIAN(IF((dados!$C$2:$C$55=$A82)*(dados!$O$2:$O$55<>""),dados!$O$2:$O$55)),"")} | H82: {=IFERROR(STDEV(IF((dados!$C$2:$C$55=$A82)*(dados!$O$2:$O$55<>""),dados!$O$2:$O$55)),"")} | I82: =IF(COUNTIFS(dados!$C$2:$C$55,$A82,dados!$O$2:$O$55,"<>")=0,"",_xlfn.MINIFS(dados!$O$2:$O$55,dados!$C$2:$C$55,$A82)) | J82: =IF(COUNTIFS(dados!$C$2:$C$55,$A82,dados!$O$2:$O$55,"<>")=0,"",_xlfn.MAXIFS(dados!$O$2:$O$55,dados!$C$2:$C$55,$A82)) | K82: =IFERROR(J82-I82,"")
A83: Brasília | B83: Entorno | C83: dist_shopping_m | D83: Distância ao shopping mais próximo (qualquer porte) | E83: =COUNTIFS(dados!$C$2:$C$55,$A83,dados!$P$2:$P$55,"<>") | F83: =IFERROR(AVERAGEIFS(dados!$P$2:$P$55,dados!$C$2:$C$55,$A83),"") | G83: {=IFERROR(MEDIAN(IF((dados!$C$2:$C$55=$A83)*(dados!$P$2:$P$55<>""),dados!$P$2:$P$55)),"")} | H83: {=IFERROR(STDEV(IF((dados!$C$2:$C$55=$A83)*(dados!$P$2:$P$55<>""),dados!$P$2:$P$55)),"")} | I83: =IF(COUNTIFS(dados!$C$2:$C$55,$A83,dados!$P$2:$P$55,"<>")=0,"",_xlfn.MINIFS(dados!$P$2:$P$55,dados!$C$2:$C$55,$A83)) | J83: =IF(COUNTIFS(dados!$C$2:$C$55,$A83,dados!$P$2:$P$55,"<>")=0,"",_xlfn.MAXIFS(dados!$P$2:$P$55,dados!$C$2:$C$55,$A83)) | K83: =IFERROR(J83-I83,"")
A84: Brasília | B84: Instagram | C84: seguidores | D84: Seguidores | E84: =COUNTIFS(dados!$C$2:$C$55,$A84,dados!$Q$2:$Q$55,"<>") | F84: =IFERROR(AVERAGEIFS(dados!$Q$2:$Q$55,dados!$C$2:$C$55,$A84),"") | G84: {=IFERROR(MEDIAN(IF((dados!$C$2:$C$55=$A84)*(dados!$Q$2:$Q$55<>""),dados!$Q$2:$Q$55)),"")} | H84: {=IFERROR(STDEV(IF((dados!$C$2:$C$55=$A84)*(dados!$Q$2:$Q$55<>""),dados!$Q$2:$Q$55)),"")} | I84: =IF(COUNTIFS(dados!$C$2:$C$55,$A84,dados!$Q$2:$Q$55,"<>")=0,"",_xlfn.MINIFS(dados!$Q$2:$Q$55,dados!$C$2:$C$55,$A84)) | J84: =IF(COUNTIFS(dados!$C$2:$C$55,$A84,dados!$Q$2:$Q$55,"<>")=0,"",_xlfn.MAXIFS(dados!$Q$2:$Q$55,dados!$C$2:$C$55,$A84)) | K84: =IFERROR(J84-I84,"")
A85: Brasília | B85: Instagram | C85: n_posts_total | D85: Posts desde a criação do perfil | E85: =COUNTIFS(dados!$C$2:$C$55,$A85,dados!$R$2:$R$55,"<>") | F85: =IFERROR(AVERAGEIFS(dados!$R$2:$R$55,dados!$C$2:$C$55,$A85),"") | G85: {=IFERROR(MEDIAN(IF((dados!$C$2:$C$55=$A85)*(dados!$R$2:$R$55<>""),dados!$R$2:$R$55)),"")} | H85: {=IFERROR(STDEV(IF((dados!$C$2:$C$55=$A85)*(dados!$R$2:$R$55<>""),dados!$R$2:$R$55)),"")} | I85: =IF(COUNTIFS(dados!$C$2:$C$55,$A85,dados!$R$2:$R$55,"<>")=0,"",_xlfn.MINIFS(dados!$R$2:$R$55,dados!$C$2:$C$55,$A85)) | J85: =IF(COUNTIFS(dados!$C$2:$C$55,$A85,dados!$R$2:$R$55,"<>")=0,"",_xlfn.MAXIFS(dados!$R$2:$R$55,dados!$C$2:$C$55,$A85)) | K85: =IFERROR(J85-I85,"")
A86: Brasília | B86: Instagram | C86: idade_perfil_anos | D86: Idade do perfil (desde o primeiro post até 15/10/2026) | E86: =COUNTIFS(dados!$C$2:$C$55,$A86,dados!$S$2:$S$55,"<>") | F86: =IFERROR(AVERAGEIFS(dados!$S$2:$S$55,dados!$C$2:$C$55,$A86),"") | G86: {=IFERROR(MEDIAN(IF((dados!$C$2:$C$55=$A86)*(dados!$S$2:$S$55<>""),dados!$S$2:$S$55)),"")} | H86: {=IFERROR(STDEV(IF((dados!$C$2:$C$55=$A86)*(dados!$S$2:$S$55<>""),dados!$S$2:$S$55)),"")} | I86: =IF(COUNTIFS(dados!$C$2:$C$55,$A86,dados!$S$2:$S$55,"<>")=0,"",_xlfn.MINIFS(dados!$S$2:$S$55,dados!$C$2:$C$55,$A86)) | J86: =IF(COUNTIFS(dados!$C$2:$C$55,$A86,dados!$S$2:$S$55,"<>")=0,"",_xlfn.MAXIFS(dados!$S$2:$S$55,dados!$C$2:$C$55,$A86)) | K86: =IFERROR(J86-I86,"")
A87: Brasília | B87: Instagram | C87: n_posts_periodo | D87: Posts de 01/09 a 01/10/2026 | E87: =COUNTIFS(dados!$C$2:$C$55,$A87,dados!$T$2:$T$55,"<>") | F87: =IFERROR(AVERAGEIFS(dados!$T$2:$T$55,dados!$C$2:$C$55,$A87),"") | G87: {=IFERROR(MEDIAN(IF((dados!$C$2:$C$55=$A87)*(dados!$T$2:$T$55<>""),dados!$T$2:$T$55)),"")} | H87: {=IFERROR(STDEV(IF((dados!$C$2:$C$55=$A87)*(dados!$T$2:$T$55<>""),dados!$T$2:$T$55)),"")} | I87: =IF(COUNTIFS(dados!$C$2:$C$55,$A87,dados!$T$2:$T$55,"<>")=0,"",_xlfn.MINIFS(dados!$T$2:$T$55,dados!$C$2:$C$55,$A87)) | J87: =IF(COUNTIFS(dados!$C$2:$C$55,$A87,dados!$T$2:$T$55,"<>")=0,"",_xlfn.MAXIFS(dados!$T$2:$T$55,dados!$C$2:$C$55,$A87)) | K87: =IFERROR(J87-I87,"")
A88: Brasília | B88: Instagram | C88: curtidas_periodo | D88: Curtidas no período | E88: =COUNTIFS(dados!$C$2:$C$55,$A88,dados!$U$2:$U$55,"<>") | F88: =IFERROR(AVERAGEIFS(dados!$U$2:$U$55,dados!$C$2:$C$55,$A88),"") | G88: {=IFERROR(MEDIAN(IF((dados!$C$2:$C$55=$A88)*(dados!$U$2:$U$55<>""),dados!$U$2:$U$55)),"")} | H88: {=IFERROR(STDEV(IF((dados!$C$2:$C$55=$A88)*(dados!$U$2:$U$55<>""),dados!$U$2:$U$55)),"")} | I88: =IF(COUNTIFS(dados!$C$2:$C$55,$A88,dados!$U$2:$U$55,"<>")=0,"",_xlfn.MINIFS(dados!$U$2:$U$55,dados!$C$2:$C$55,$A88)) | J88: =IF(COUNTIFS(dados!$C$2:$C$55,$A88,dados!$U$2:$U$55,"<>")=0,"",_xlfn.MAXIFS(dados!$U$2:$U$55,dados!$C$2:$C$55,$A88)) | K88: =IFERROR(J88-I88,"")
A89: Brasília | B89: Instagram | C89: comentarios_periodo | D89: Comentários no período | E89: =COUNTIFS(dados!$C$2:$C$55,$A89,dados!$V$2:$V$55,"<>") | F89: =IFERROR(AVERAGEIFS(dados!$V$2:$V$55,dados!$C$2:$C$55,$A89),"") | G89: {=IFERROR(MEDIAN(IF((dados!$C$2:$C$55=$A89)*(dados!$V$2:$V$55<>""),dados!$V$2:$V$55)),"")} | H89: {=IFERROR(STDEV(IF((dados!$C$2:$C$55=$A89)*(dados!$V$2:$V$55<>""),dados!$V$2:$V$55)),"")} | I89: =IF(COUNTIFS(dados!$C$2:$C$55,$A89,dados!$V$2:$V$55,"<>")=0,"",_xlfn.MINIFS(dados!$V$2:$V$55,dados!$C$2:$C$55,$A89)) | J89: =IF(COUNTIFS(dados!$C$2:$C$55,$A89,dados!$V$2:$V$55,"<>")=0,"",_xlfn.MAXIFS(dados!$V$2:$V$55,dados!$C$2:$C$55,$A89)) | K89: =IFERROR(J89-I89,"")
A90: Brasília | B90: Instagram | C90: interacoes_por_post | D90: Interações por post no período (curtidas + comentários) | E90: =COUNTIFS(dados!$C$2:$C$55,$A90,dados!$W$2:$W$55,"<>") | F90: =IFERROR(AVERAGEIFS(dados!$W$2:$W$55,dados!$C$2:$C$55,$A90),"") | G90: {=IFERROR(MEDIAN(IF((dados!$C$2:$C$55=$A90)*(dados!$W$2:$W$55<>""),dados!$W$2:$W$55)),"")} | H90: {=IFERROR(STDEV(IF((dados!$C$2:$C$55=$A90)*(dados!$W$2:$W$55<>""),dados!$W$2:$W$55)),"")} | I90: =IF(COUNTIFS(dados!$C$2:$C$55,$A90,dados!$W$2:$W$55,"<>")=0,"",_xlfn.MINIFS(dados!$W$2:$W$55,dados!$C$2:$C$55,$A90)) | J90: =IF(COUNTIFS(dados!$C$2:$C$55,$A90,dados!$W$2:$W$55,"<>")=0,"",_xlfn.MAXIFS(dados!$W$2:$W$55,dados!$C$2:$C$55,$A90)) | K90: =IFERROR(J90-I90,"")
A91: Brasília | B91: Instagram | C91: engajamento_pct | D91: Taxa de engajamento (interações por post ÷ seguidores) | E91: =COUNTIFS(dados!$C$2:$C$55,$A91,dados!$X$2:$X$55,"<>") | F91: =IFERROR(AVERAGEIFS(dados!$X$2:$X$55,dados!$C$2:$C$55,$A91),"") | G91: {=IFERROR(MEDIAN(IF((dados!$C$2:$C$55=$A91)*(dados!$X$2:$X$55<>""),dados!$X$2:$X$55)),"")} | H91: {=IFERROR(STDEV(IF((dados!$C$2:$C$55=$A91)*(dados!$X$2:$X$55<>""),dados!$X$2:$X$55)),"")} | I91: =IF(COUNTIFS(dados!$C$2:$C$55,$A91,dados!$X$2:$X$55,"<>")=0,"",_xlfn.MINIFS(dados!$X$2:$X$55,dados!$C$2:$C$55,$A91)) | J91: =IF(COUNTIFS(dados!$C$2:$C$55,$A91,dados!$X$2:$X$55,"<>")=0,"",_xlfn.MAXIFS(dados!$X$2:$X$55,dados!$C$2:$C$55,$A91)) | K91: =IFERROR(J91-I91,"")
A92: Brasília | B92: Cardápio | C92: itens_com_preco | D92: Itens com preço no cardápio | E92: =COUNTIFS(dados!$C$2:$C$55,$A92,dados!$Y$2:$Y$55,"<>") | F92: =IFERROR(AVERAGEIFS(dados!$Y$2:$Y$55,dados!$C$2:$C$55,$A92),"") | G92: {=IFERROR(MEDIAN(IF((dados!$C$2:$C$55=$A92)*(dados!$Y$2:$Y$55<>""),dados!$Y$2:$Y$55)),"")} | H92: {=IFERROR(STDEV(IF((dados!$C$2:$C$55=$A92)*(dados!$Y$2:$Y$55<>""),dados!$Y$2:$Y$55)),"")} | I92: =IF(COUNTIFS(dados!$C$2:$C$55,$A92,dados!$Y$2:$Y$55,"<>")=0,"",_xlfn.MINIFS(dados!$Y$2:$Y$55,dados!$C$2:$C$55,$A92)) | J92: =IF(COUNTIFS(dados!$C$2:$C$55,$A92,dados!$Y$2:$Y$55,"<>")=0,"",_xlfn.MAXIFS(dados!$Y$2:$Y$55,dados!$C$2:$C$55,$A92)) | K92: =IFERROR(J92-I92,"")
A93: Brasília | B93: Cardápio | C93: couvert_mediana | D93: Couvert ou taxa de jogo (só casas que cobram) | E93: =COUNTIFS(dados!$C$2:$C$55,$A93,dados!$Z$2:$Z$55,"<>") | F93: =IFERROR(AVERAGEIFS(dados!$Z$2:$Z$55,dados!$C$2:$C$55,$A93),"") | G93: {=IFERROR(MEDIAN(IF((dados!$C$2:$C$55=$A93)*(dados!$Z$2:$Z$55<>""),dados!$Z$2:$Z$55)),"")} | H93: {=IFERROR(STDEV(IF((dados!$C$2:$C$55=$A93)*(dados!$Z$2:$Z$55<>""),dados!$Z$2:$Z$55)),"")} | I93: =IF(COUNTIFS(dados!$C$2:$C$55,$A93,dados!$Z$2:$Z$55,"<>")=0,"",_xlfn.MINIFS(dados!$Z$2:$Z$55,dados!$C$2:$C$55,$A93)) | J93: =IF(COUNTIFS(dados!$C$2:$C$55,$A93,dados!$Z$2:$Z$55,"<>")=0,"",_xlfn.MAXIFS(dados!$Z$2:$Z$55,dados!$C$2:$C$55,$A93)) | K93: =IFERROR(J93-I93,"")
A94: Brasília | B94: Cardápio | C94: bebida_mediana | D94: Bebida, mediana do cardápio | E94: =COUNTIFS(dados!$C$2:$C$55,$A94,dados!$AA$2:$AA$55,"<>") | F94: =IFERROR(AVERAGEIFS(dados!$AA$2:$AA$55,dados!$C$2:$C$55,$A94),"") | G94: {=IFERROR(MEDIAN(IF((dados!$C$2:$C$55=$A94)*(dados!$AA$2:$AA$55<>""),dados!$AA$2:$AA$55)),"")} | H94: {=IFERROR(STDEV(IF((dados!$C$2:$C$55=$A94)*(dados!$AA$2:$AA$55<>""),dados!$AA$2:$AA$55)),"")} | I94: =IF(COUNTIFS(dados!$C$2:$C$55,$A94,dados!$AA$2:$AA$55,"<>")=0,"",_xlfn.MINIFS(dados!$AA$2:$AA$55,dados!$C$2:$C$55,$A94)) | J94: =IF(COUNTIFS(dados!$C$2:$C$55,$A94,dados!$AA$2:$AA$55,"<>")=0,"",_xlfn.MAXIFS(dados!$AA$2:$AA$55,dados!$C$2:$C$55,$A94)) | K94: =IFERROR(J94-I94,"")
A95: Brasília | B95: Cardápio | C95: entrada_ou_prato_mediana | D95: Entrada ou prato, mediana do cardápio | E95: =COUNTIFS(dados!$C$2:$C$55,$A95,dados!$AB$2:$AB$55,"<>") | F95: =IFERROR(AVERAGEIFS(dados!$AB$2:$AB$55,dados!$C$2:$C$55,$A95),"") | G95: {=IFERROR(MEDIAN(IF((dados!$C$2:$C$55=$A95)*(dados!$AB$2:$AB$55<>""),dados!$AB$2:$AB$55)),"")} | H95: {=IFERROR(STDEV(IF((dados!$C$2:$C$55=$A95)*(dados!$AB$2:$AB$55<>""),dados!$AB$2:$AB$55)),"")} | I95: =IF(COUNTIFS(dados!$C$2:$C$55,$A95,dados!$AB$2:$AB$55,"<>")=0,"",_xlfn.MINIFS(dados!$AB$2:$AB$55,dados!$C$2:$C$55,$A95)) | J95: =IF(COUNTIFS(dados!$C$2:$C$55,$A95,dados!$AB$2:$AB$55,"<>")=0,"",_xlfn.MAXIFS(dados!$AB$2:$AB$55,dados!$C$2:$C$55,$A95)) | K95: =IFERROR(J95-I95,"")
A96: Brasília | B96: Cardápio | C96: cesta_baixa | D96: Cesta por pessoa, nível baixo (P25) | E96: =COUNTIFS(dados!$C$2:$C$55,$A96,dados!$AC$2:$AC$55,"<>") | F96: =IFERROR(AVERAGEIFS(dados!$AC$2:$AC$55,dados!$C$2:$C$55,$A96),"") | G96: {=IFERROR(MEDIAN(IF((dados!$C$2:$C$55=$A96)*(dados!$AC$2:$AC$55<>""),dados!$AC$2:$AC$55)),"")} | H96: {=IFERROR(STDEV(IF((dados!$C$2:$C$55=$A96)*(dados!$AC$2:$AC$55<>""),dados!$AC$2:$AC$55)),"")} | I96: =IF(COUNTIFS(dados!$C$2:$C$55,$A96,dados!$AC$2:$AC$55,"<>")=0,"",_xlfn.MINIFS(dados!$AC$2:$AC$55,dados!$C$2:$C$55,$A96)) | J96: =IF(COUNTIFS(dados!$C$2:$C$55,$A96,dados!$AC$2:$AC$55,"<>")=0,"",_xlfn.MAXIFS(dados!$AC$2:$AC$55,dados!$C$2:$C$55,$A96)) | K96: =IFERROR(J96-I96,"")
A97: Brasília | B97: Cardápio | C97: cesta_mediana | D97: Cesta por pessoa, nível mediano | E97: =COUNTIFS(dados!$C$2:$C$55,$A97,dados!$AD$2:$AD$55,"<>") | F97: =IFERROR(AVERAGEIFS(dados!$AD$2:$AD$55,dados!$C$2:$C$55,$A97),"") | G97: {=IFERROR(MEDIAN(IF((dados!$C$2:$C$55=$A97)*(dados!$AD$2:$AD$55<>""),dados!$AD$2:$AD$55)),"")} | H97: {=IFERROR(STDEV(IF((dados!$C$2:$C$55=$A97)*(dados!$AD$2:$AD$55<>""),dados!$AD$2:$AD$55)),"")} | I97: =IF(COUNTIFS(dados!$C$2:$C$55,$A97,dados!$AD$2:$AD$55,"<>")=0,"",_xlfn.MINIFS(dados!$AD$2:$AD$55,dados!$C$2:$C$55,$A97)) | J97: =IF(COUNTIFS(dados!$C$2:$C$55,$A97,dados!$AD$2:$AD$55,"<>")=0,"",_xlfn.MAXIFS(dados!$AD$2:$AD$55,dados!$C$2:$C$55,$A97)) | K97: =IFERROR(J97-I97,"")
A98: Brasília | B98: Cardápio | C98: cesta_alta | D98: Cesta por pessoa, nível alto (P75) | E98: =COUNTIFS(dados!$C$2:$C$55,$A98,dados!$AE$2:$AE$55,"<>") | F98: =IFERROR(AVERAGEIFS(dados!$AE$2:$AE$55,dados!$C$2:$C$55,$A98),"") | G98: {=IFERROR(MEDIAN(IF((dados!$C$2:$C$55=$A98)*(dados!$AE$2:$AE$55<>""),dados!$AE$2:$AE$55)),"")} | H98: {=IFERROR(STDEV(IF((dados!$C$2:$C$55=$A98)*(dados!$AE$2:$AE$55<>""),dados!$AE$2:$AE$55)),"")} | I98: =IF(COUNTIFS(dados!$C$2:$C$55,$A98,dados!$AE$2:$AE$55,"<>")=0,"",_xlfn.MINIFS(dados!$AE$2:$AE$55,dados!$C$2:$C$55,$A98)) | J98: =IF(COUNTIFS(dados!$C$2:$C$55,$A98,dados!$AE$2:$AE$55,"<>")=0,"",_xlfn.MAXIFS(dados!$AE$2:$AE$55,dados!$C$2:$C$55,$A98)) | K98: =IFERROR(J98-I98,"")
A99: Brasília | B99: Cardápio | C99: hamburguer_mediana | D99: Hambúrguer, mediana | E99: =COUNTIFS(dados!$C$2:$C$55,$A99,dados!$AF$2:$AF$55,"<>") | F99: =IFERROR(AVERAGEIFS(dados!$AF$2:$AF$55,dados!$C$2:$C$55,$A99),"") | G99: {=IFERROR(MEDIAN(IF((dados!$C$2:$C$55=$A99)*(dados!$AF$2:$AF$55<>""),dados!$AF$2:$AF$55)),"")} | H99: {=IFERROR(STDEV(IF((dados!$C$2:$C$55=$A99)*(dados!$AF$2:$AF$55<>""),dados!$AF$2:$AF$55)),"")} | I99: =IF(COUNTIFS(dados!$C$2:$C$55,$A99,dados!$AF$2:$AF$55,"<>")=0,"",_xlfn.MINIFS(dados!$AF$2:$AF$55,dados!$C$2:$C$55,$A99)) | J99: =IF(COUNTIFS(dados!$C$2:$C$55,$A99,dados!$AF$2:$AF$55,"<>")=0,"",_xlfn.MAXIFS(dados!$AF$2:$AF$55,dados!$C$2:$C$55,$A99)) | K99: =IFERROR(J99-I99,"")
A100: Brasília | B100: Cardápio | C100: batata_mediana | D100: Batata, mediana | E100: =COUNTIFS(dados!$C$2:$C$55,$A100,dados!$AG$2:$AG$55,"<>") | F100: =IFERROR(AVERAGEIFS(dados!$AG$2:$AG$55,dados!$C$2:$C$55,$A100),"") | G100: {=IFERROR(MEDIAN(IF((dados!$C$2:$C$55=$A100)*(dados!$AG$2:$AG$55<>""),dados!$AG$2:$AG$55)),"")} | H100: {=IFERROR(STDEV(IF((dados!$C$2:$C$55=$A100)*(dados!$AG$2:$AG$55<>""),dados!$AG$2:$AG$55)),"")} | I100: =IF(COUNTIFS(dados!$C$2:$C$55,$A100,dados!$AG$2:$AG$55,"<>")=0,"",_xlfn.MINIFS(dados!$AG$2:$AG$55,dados!$C$2:$C$55,$A100)) | J100: =IF(COUNTIFS(dados!$C$2:$C$55,$A100,dados!$AG$2:$AG$55,"<>")=0,"",_xlfn.MAXIFS(dados!$AG$2:$AG$55,dados!$C$2:$C$55,$A100)) | K100: =IFERROR(J100-I100,"")
...

Sheet dados
A1: place_id | B1: nome | C1: metropole | D1: regiao | E1: avaliacao_media | F1: volume_avaliacoes | G1: dias_abertos | H1: horas_semana | I1: abre_cedo_h | J1: fecha_tarde_h | K1: metro_500m | L1: metro_1000m | M1: dist_metro_m | N1: shopping_porte_500m | O1: shopping_porte_1000m | P1: dist_shopping_m | Q1: seguidores | R1: n_posts_total | S1: idade_perfil_anos | T1: n_posts_periodo | U1: curtidas_periodo | V1: comentarios_periodo | W1: interacoes_por_post | X1: engajamento_pct | Y1: itens_com_preco | Z1: couvert_mediana | AA1: bebida_mediana | AB1: entrada_ou_prato_mediana | AC1: cesta_baixa | AD1: cesta_mediana | AE1: cesta_alta | AF1: hamburguer_mediana | AG1: batata_mediana | AH1: cerveja_mediana | AI1: refrigerante_mediana | AJ1: drinks_mediana | AK1: titulos_acervo | AL1: avaliacoes_b2 | AM1: avaliacoes_b2_com_texto | AN1: tem_metro_1000m | AO1: tem_cardapio | AP1: cobra_couvert | AQ1: abre_segunda | AR1: abre_terca | AS1: abre_quarta | AT1: abre_quinta | AU1: abre_sexta | AV1: abre_sabado | AW1: abre_domingo
A2: ChIJyXjE650xWpMRJL-J6QbGkt4 | B2: FORTALÚDICA - BURGERS & JOGOS | C2: Brasília | D2: Centro-Oeste | E2: 4.8 | F2: 105 | G2: 7 | H2: 46 | I2: 14 | J2: 24 | K2: 0 | L2: 1 | M2: 768 | N2: 0 | O2: 0 | P2: 305 | Q2: 2711 | R2: 185 | S2: 1.26 | T2: 9 | U2: 86 | V2: 11 | W2: 10.78 | X2: 0.00398 | Y2: 51 | AA2: 8.5 | AB2: 30 | AC2: 32 | AD2: 38.5 | AE2: 45 | AF2: 32 | AG2: 15 | AH2: 8 | AI2: 7 | AL2: 23 | AM2: 15 | AN2: 1 | AO2: 1 | AP2: 0 | AQ2: 1 | AR2: 1 | AS2: 1 | AT2: 1 | AU2: 1 | AV2: 1 | AW2: 1
A3: ChIJ172cu2U7WpMR-GxnGmUHCkc | B3: Gruta BSB | C3: Brasília | D3: Centro-Oeste | E3: 4.9 | F3: 112 | G3: 5 | H3: 30 | I3: 14 | J3: 23 | K3: 0 | L3: 0 | M3: 3099 | P3: 76 | Q3: 7631 | R3: 897 | S3: 5.63 | T3: 17 | U3: 450 | V3: 9 | W3: 27 | X3: 0.00354 | AL3: 12 | AM3: 8 | AN3: 0 | AO3: 0 | AQ3: 0 | AR3: 1 | AS3: 1 | AT3: 1 | AU3: 1 | AV3: 1 | AW3: 0
A4: ChIJdUv4La46WpMRnBvNknmOqWo | B4: Inside Games | C4: Brasília | D4: Centro-Oeste | E4: 4.6 | F4: 640 | G4: 6 | H4: 64 | I4: 12 | J4: 24 | K4: 0 | L4: 2 | M4: 702 | N4: 0 | O4: 0 | P4: 1505 | Q4: 6058 | R4: 2542 | S4: 9.33 | T4: 39 | U4: 193 | V4: 2 | W4: 5 | X4: 0.00083 | Y4: 24 | AA4: 6 | AB4: 6 | AC4: 11 | AD4: 12 | AE4: 15.5 | AH4: 8 | AI4: 5 | AL4: 12 | AM4: 6 | AN4: 1 | AO4: 1 | AP4: 0 | AQ4: 0 | AR4: 1 | AS4: 1 | AT4: 1 | AU4: 1 | AV4: 1 | AW4: 1
A5: ChIJzdFNP3AyWpMRH2P6HEuhE-I | B5: Loja de Jogos - Asgard | C5: Brasília | D5: Centro-Oeste | E5: 4.7 | F5: 754 | G5: 7 | H5: 63 | I5: 14 | J5: 23 | K5: 1 | L5: 1 | M5: 430 | P5: 169 | Q5: 7305 | R5: 608 | S5: 9.02 | T5: 1 | U5: 15 | V5: 0 | W5: 15 | X5: 0.00205 | Y5: 39 | Z5: 17.5 | AA5: 17 | AB5: 33 | AC5: 54.5 | AD5: 67.5 | AE5: 81.5 | AF5: 45 | AG5: 30.5 | AH5: 12 | AI5: 6 | AJ5: 22 | AK5: 150 | AL5: 11 | AM5: 4 | AN5: 1 | AO5: 1 | AP5: 1 | AQ5: 1 | AR5: 1 | AS5: 1 | AT5: 1 | AU5: 1 | AV5: 1 | AW5: 1
A6: ChIJ15nLgwAwWpMRY1whwD29ZSo | B6: Ludoteca BGC | C6: Brasília | D6: Centro-Oeste | E6: 4.7 | F6: 1379 | G6: 6 | H6: 63 | I6: 12 | J6: 23.5 | K6: 2 | L6: 2 | M6: 465 | N6: 0 | O6: 0 | P6: 747 | Q6: 15000 | R6: 820 | S6: 10.37 | T6: 13 | U6: 144 | V6: 10 | W6: 11.85 | X6: 0.00079 | Y6: 60 | Z6: 30 | AA6: 9 | AB6: 31 | AC6: 64.5 | AD6: 70 | AE6: 76.75 | AH6: 8.5 | AI6: 6 | AJ6: 14 | AK6: 952 | AL6: 24 | AM6: 13 | AN6: 1 | AO6: 1 | AP6: 1 | AQ6: 0 | AR6: 1 | AS6: 1 | AT6: 1 | AU6: 1 | AV6: 1 | AW6: 1
A7: ChIJN8BZeb85WpMRgVKT05caxB4 | B7: Utopia Games & Food | C7: Brasília | D7: Centro-Oeste | E7: 4.8 | F7: 159 | G7: 6 | H7: 44 | I7: 14 | J7: 24 | K7: 0 | L7: 0 | M7: 6361 | N7: 0 | O7: 2 | P7: 162 | Q7: 2824 | R7: 208 | S7: 2.67 | T7: 27 | U7: 997 | V7: 64 | W7: 39.3 | X7: 0.01392 | Y7: 32 | AA7: 7 | AB7: 50 | AC7: 55 | AD7: 57 | AE7: 84.5 | AG7: 25.5 | AH7: 11 | AI7: 6 | AL7: 31 | AM7: 22 | AN7: 0 | AO7: 1 | AP7: 0 | AQ7: 0 | AR7: 1 | AS7: 1 | AT7: 1 | AU7: 1 | AV7: 1 | AW7: 1
A8: ChIJ89uEICDxXpMRdaEvN0XiWK0 | B8: Paladins Game Store | C8: Goiânia | D8: Centro-Oeste | E8: 4.7 | F8: 906 | G8: 7 | H8: 70 | I8: 10 | J8: 22 | K8: 0 | L8: 0 | N8: 1 | O8: 2 | P8: 5 | Q8: 9690 | R8: 1376 | S8: 11.71 | T8: 1 | U8: 154 | V8: 3 | W8: 157 | X8: 0.0162 | AK8: 214 | AL8: 14 | AM8: 7 | AN8: 0 | AO8: 0 | AQ8: 1 | AR8: 1 | AS8: 1 | AT8: 1 | AU8: 1 | AV8: 1 | AW8: 1
A9: ChIJ0yXbI35IxwcR0_jLi-uINUU | B9: Balboa's Hobby Games | C9: Fortaleza | D9: Nordeste | E9: 4.8 | F9: 881 | G9: 5 | H9: 27 | I9: 15 | J9: 22 | K9: 0 | L9: 0 | M9: 3702 | P9: 228 | Q9: 21318 | R9: 1724 | S9: 12.37 | T9: 22 | U9: 2323 | V9: 108 | W9: 110.5 | X9: 0.00518 | Y9: 36 | AA9: 8 | AB9: 30 | AC9: 35 | AD9: 38 | AE9: 45 | AF9: 29.5 | AG9: 26.5 | AH9: 15 | AI9: 7.5 | AJ9: 15 | AK9: 1833 | AL9: 15 | AM9: 9 | AN9: 0 | AO9: 1 | AP9: 0 | AQ9: 0 | AR9: 0 | AS9: 1 | AT9: 1 | AU9: 1 | AV9: 1 | AW9: 1
A10: ChIJQURqeMZJxwcR95O-XLbS2mk | B10: Dominaria Cards & Games | C10: Fortaleza | D10: Nordeste | E10: 4.7 | F10: 305 | G10: 7 | H10: 77 | I10: 8 | J10: 21 | K10: 1 | L10: 2 | M10: 95 | P10: 96 | AL10: 19 | AM10: 14 | AN10: 1 | AO10: 0 | AQ10: 1 | AR10: 1 | AS10: 1 | AT10: 1 | AU10: 1 | AV10: 1 | AW10: 1
A11: ChIJRUjwU66WoGgRzc9yJU7jkwM | B11: Nala Land - Bar de Jogos de Tabuleiro em Recife | C11: Recife | D11: Nordeste | E11: 4.9 | F11: 206 | G11: 4 | H11: 28 | I11: 14 | J11: 24 | K11: 0 | L11: 0 | M11: 5144 | N11: 0 | O11: 0 | P11: 1138 | Q11: 27673 | R11: 655 | S11: 5.4 | T11: 17 | U11: 1058 | V11: 114 | W11: 68.94 | X11: 0.00249 | Y11: 25 | AA11: 12 | AB11: 22 | AC11: 29.5 | AD11: 34 | AE11: 37.5 | AF11: 34 | AG11: 19 | AH11: 12 | AK11: 312 | AL11: 10 | AM11: 7 | AN11: 0 | AO11: 1 | AP11: 0 | AQ11: 0 | AR11: 0 | AS11: 0 | AT11: 1 | AU11: 1 | AV11: 1 | AW11: 1
A12: ChIJoTlvBfMbFgcRHvuCKHBQrXQ | B12: São Jogue - Bela Vista | C12: Salvador | D12: Nordeste | E12: 4.8 | F12: 787 | G12: 7 | H12: 68 | I12: 12 | J12: 22 | K12: 1 | L12: 2 | M12: 387 | N12: 1 | O12: 1 | P12: 118 | Q12: 38492 | R12: 2036 | S12: 8.91 | T12: 26 | U12: 8448 | V12: 251 | W12: 334.58 | X12: 0.00869 | Y12: 56 | AA12: 16 | AB12: 32.5 | AC12: 36.25 | AD12: 48.5 | AE12: 60.5 | AF12: 45 | AG12: 35 | AH12: 12 | AI12: 8.9 | AJ12: 28 | AK12: 370 | AL12: 5 | AM12: 4 | AN12: 1 | AO12: 1 | AP12: 0 | AQ12: 1 | AR12: 1 | AS12: 1 | AT12: 1 | AU12: 1 | AV12: 1 | AW12: 1
A13: ChIJ-97tiEeNpJIRb_eV7a-sxBs | B13: Ludoteca Sidequest | C13: Belém | D13: Norte | E13: 4.8 | F13: 327 | G13: 5 | H13: 42 | I13: 14 | J13: 24 | K13: 0 | L13: 0 | N13: 2 | O13: 2 | P13: 52 | Q13: 21601 | R13: 235 | S13: 2.98 | T13: 10 | U13: 3394 | V13: 92 | W13: 348.6 | X13: 0.01614 | Y13: 60 | Z13: 25.5 | AA13: 13 | AB13: 35 | AC13: 56.75 | AD13: 73.5 | AE13: 81.25 | AF13: 40 | AG13: 31 | AH13: 13 | AI13: 7 | AJ13: 13 | AK13: 468 | AL13: 40 | AM13: 26 | AN13: 0 | AO13: 1 | AP13: 1 | AQ13: 0 | AR13: 0 | AS13: 1 | AT13: 1 | AU13: 1 | AV13: 1 | AW13: 1
A14: ChIJRcWOaPabpgARDvX2Bad0qb0 | B14: Bardo Mago | C14: Belo Horizonte | D14: Sudeste | E14: 4.8 | F14: 823 | G14: 5 | H14: 37 | I14: 13 | J14: 24 | K14: 1 | L14: 1 | M14: 307 | N14: 0 | O14: 0 | P14: 723 | R14: 616 | S14: 2.42 | T14: 31 | U14: 8610 | V14: 288 | W14: 287.03 | Y14: 110 | AA14: 20 | AB14: 34 | AC14: 40.5 | AD14: 54 | AE14: 71.5 | AF14: 42 | AH14: 12.5 | AI14: 8 | AJ14: 26 | AK14: 588 | AN14: 1 | AO14: 1 | AP14: 0 | AQ14: 0 | AR14: 0 | AS14: 1 | AT14: 1 | AU14: 1 | AV14: 1 | AW14: 1
A15: ChIJpzB8zc2XpgARoJTUu90J6Pw | B15: Comdado Bar e Jogos | C15: Belo Horizonte | D15: Sudeste | E15: 4.4 | F15: 158 | G15: 5 | H15: 45 | I15: 12 | J15: 25 | K15: 0 | L15: 0 | M15: 1142 | N15: 0 | O15: 3 | P15: 105 | Q15: 10671 | R15: 190 | S15: 3.98 | T15: 2 | U15: 100 | V15: 4 | W15: 52 | X15: 0.00487 | Y15: 55 | Z15: 17.5 | AA15: 18 | AB15: 50 | AC15: 71 | AD15: 85.5 | AE15: 98.75 | AF15: 50 | AH15: 12 | AJ15: 25 | AK15: 190 | AL15: 12 | AM15: 6 | AN15: 0 | AO15: 1 | AP15: 1 | AQ15: 0 | AR15: 0 | AS15: 1 | AT15: 1 | AU15: 1 | AV15: 1 | AW15: 1
A16: ChIJsUAT-dObpgARCT2C5QpnVKU | B16: Garagem do Nerd | C16: Belo Horizonte | D16: Sudeste | E16: 4.9 | F16: 244 | G16: 5 | H16: 34 | I16: 13 | J16: 25 | K16: 0 | L16: 0 | M16: 1201 | N16: 0 | P16: 754 | Q16: 13420 | R16: 3023 | S16: 8.73 | T16: 30 | U16: 529 | V16: 10 | W16: 17.97 | X16: 0.00134 | AL16: 4 | AM16: 1 | AN16: 0 | AO16: 0 | AQ16: 0 | AR16: 1 | AS16: 1 | AT16: 1 | AU16: 1 | AV16: 1 | AW16: 0
A17: ChIJ-17ZQDG9pgARc-AxpXmaNRU | B17: La Tabuleria | C17: Belo Horizonte | D17: Sudeste | E17: 4.7 | F17: 138 | G17: 5 | H17: 42 | I17: 15 | J17: 25 | K17: 0 | L17: 0 | M17: 4984 | N17: 0 | O17: 0 | P17: 137 | S17: 2.64 | T17: 8 | U17: 140 | V17: 1 | W17: 17.62 | Y17: 90 | Z17: 20 | AA17: 20 | AB17: 35 | AC17: 58.5 | AD17: 75 | AE17: 87.5 | AF17: 42 | AG17: 37.5 | AH17: 12 | AI17: 8 | AJ17: 25 | AK17: 192 | AN17: 0 | AO17: 1 | AP17: 1 | AQ17: 0 | AR17: 0 | AS17: 1 | AT17: 1 | AU17: 1 | AV17: 1 | AW17: 1
A18: ChIJx5jr3zGXpgARQGx9eX7TDmY | B18: LudoCafé | C18: Belo Horizonte | D18: Sudeste | E18: 4.6 | F18: 585 | G18: 6 | H18: 41 | I18: 13 | J18: 24 | K18: 0 | L18: 0 | M18: 3205 | N18: 0 | O18: 0 | P18: 391 | AL18: 10 | AM18: 6 | AN18: 0 | AO18: 0 | AQ18: 0 | AR18: 1 | AS18: 1 | AT18: 1 | AU18: 1 | AV18: 1 | AW18: 1
A19: ChIJ6ZLMZw-XpgAR_OR6SwY5xKo | B19: Shelf Bar e Jogos | C19: Belo Horizonte | D19: Sudeste | E19: 4.6 | F19: 1505 | G19: 6 | H19: 56 | I19: 15 | J19: 25 | K19: 0 | L19: 0 | M19: 2556 | P19: 221 | Q19: 31800 | R19: 630 | S19: 2.15 | T19: 32 | U19: 1557 | V19: 121 | W19: 52.44 | X19: 0.00165 | Y19: 138 | Z19: 20 | AA19: 25 | AB19: 52 | AC19: 74 | AD19: 97 | AE19: 121 | AF19: 54 | AG19: 40 | AH19: 13 | AI19: 12 | AJ19: 28 | AK19: 836 | AL19: 272 | AM19: 243 | AN19: 0 | AO19: 1 | AP19: 1 | AQ19: 0 | AR19: 1 | AS19: 1 | AT19: 1 | AU19: 1 | AV19: 1 | AW19: 1
A20: ChIJu1yUroF_mQAR7qxqAfxKSw4 | B20: Game Of Boards | C20: Rio de Janeiro | D20: Sudeste | E20: 4.7 | F20: 1077 | G20: 5 | H20: 41 | I20: 14 | J20: 24 | K20: 0 | L20: 1 | M20: 555 | P20: 291 | Q20: 18453 | R20: 3266 | S20: 10.55 | T20: 21 | U20: 789 | V20: 76 | W20: 41.19 | X20: 0.00223 | AL20: 8 | AM20: 6 | AN20: 1 | AO20: 0 | AQ20: 0 | AR20: 0 | AS20: 1 | AT20: 1 | AU20: 1 | AV20: 1 | AW20: 1
A21: ChIJ90Gs_9rVmwAReA7MnIyPLTE | B21: Luderia Carioca | C21: Rio de Janeiro | D21: Sudeste | E21: 4.7 | F21: 212 | G21: 5 | H21: 38 | I21: 14 | J21: 24 | K21: 2 | L21: 3 | M21: 302 | N21: 0 | O21: 1 | P21: 576 | Q21: 16137 | R21: 84 | S21: 1.59 | T21: 5 | U21: 809 | V21: 20 | W21: 165.8 | X21: 0.01027 | Y21: 36 | AA21: 12 | AB21: 32 | AC21: 35 | AD21: 44 | AE21: 54.5 | AF21: 38 | AG21: 24 | AH21: 16.5 | AI21: 9 | AK21: 780 | AL21: 99 | AM21: 69 | AN21: 1 | AO21: 1 | AP21: 0 | AQ21: 0 | AR21: 0 | AS21: 1 | AT21: 1 | AU21: 1 | AV21: 1 | AW21: 1
A22: ChIJYzHxUhR-mQARpqVtYD9th0c | B22: Magic Store Brazil | C22: Rio de Janeiro | D22: Sudeste | E22: 4.7 | F22: 465 | G22: 6 | H22: 32 | I22: 13 | J22: 21 | K22: 0 | L22: 0 | M22: 1216 | N22: 0 | O22: 2 | P22: 312 | Q22: 23364 | R22: 308 | S22: 7.89 | T22: 4 | U22: 132 | V22: 3 | W22: 33.75 | X22: 0.00144 | AL22: 15 | AM22: 7 | AN22: 0 | AO22: 0 | AQ22: 0 | AR22: 1 | AS22: 1 | AT22: 1 | AU22: 1 | AV22: 1 | AW22: 1
A23: ChIJ1SAzAGF_mQARQgP-yrPBxbQ | B23: RED jogos | C23: Rio de Janeiro | D23: Sudeste | E23: 4.7 | F23: 800 | G23: 6 | H23: 47 | I23: 11 | J23: 20 | K23: 2 | L23: 3 | M23: 161 | P23: 496 | Q23: 21522 | R23: 1164 | S23: 11.02 | T23: 12 | U23: 968 | V23: 103 | W23: 89.25 | X23: 0.00415 | AL23: 10 | AM23: 6 | AN23: 1 | AO23: 0 | AQ23: 1 | AR23: 1 | AS23: 1 | AT23: 1 | AU23: 1 | AV23: 1 | AW23: 0
A24: ChIJOcVssmeDmQARZZrnWu2mnwA | B24: TabuClub | C24: Rio de Janeiro | D24: Sudeste | E24: 4.7 | F24: 105 | G24: 6 | H24: 43 | I24: 14 | J24: 24 | K24: 0 | L24: 0 | M24: 7638 | P24: 153 | S24: 3.23 | T24: 8 | U24: 1576 | V24: 85 | W24: 207.62 | AK24: 1357 | AN24: 0 | AO24: 0 | AQ24: 0 | AR24: 1 | AS24: 1 | AT24: 1 | AU24: 1 | AV24: 1 | AW24: 1
A25: ChIJYTHwWgBbzpQRFenbJdM5cxU | B25: Arena BG | Jogos de Tabuleiro | Hamburgueria | C25: São Paulo | D25: Sudeste | E25: 4.8 | F25: 145 | G25: 5 | H25: 33 | I25: 14 | J25: 25 | K25: 1 | L25: 1 | M25: 351 | N25: 0 | O25: 0 | P25: 1796 | Q25: 6682 | R25: 520 | S25: 2.44 | T25: 32 | U25: 688 | V25: 67 | W25: 23.59 | X25: 0.00353 | Y25: 78 | Z25: 12.5 | AA25: 11 | AB25: 45 | AC25: 52.25 | AD25: 68.5 | AE25: 96.75 | AF25: 52.5 | AG25: 28.5 | AH25: 11 | AI25: 8 | AJ25: 25 | AK25: 540 | AL25: 17 | AM25: 13 | AN25: 1 | AO25: 1 | AP25: 1 | AQ25: 0 | AR25: 0 | AS25: 1 | AT25: 1 | AU25: 1 | AV25: 1 | AW25: 1
A26: ChIJKeHwNv5ZzpQRlmzx9rCTWdM | B26: Bodogami Restaurante e Cafeteria | C26: São Paulo | D26: Sudeste | E26: 4.6 | F26: 3386 | G26: 7 | H26: 77 | I26: 11 | J26: 22.5 | K26: 1 | L26: 2 | M26: 204 | P26: 163 | Q26: 74000 | R26: 2374 | S26: 9.75 | T26: 4 | U26: 444 | V26: 8 | W26: 113 | X26: 0.00153 | Y26: 90 | AA26: 17 | AB26: 43 | AC26: 40 | AD26: 60 | AE26: 76 | AF26: 49.5 | AG26: 39 | AH26: 16 | AI26: 8 | AJ26: 36.5 | AK26: 934 | AL26: 712 | AM26: 453 | AN26: 1 | AO26: 1 | AP26: 0 | AQ26: 1 | AR26: 1 | AS26: 1 | AT26: 1 | AU26: 1 | AV26: 1 | AW26: 1
A27: ChIJ__9TTnxCzpQRwVSzrOijkRY | B27: Bravo Jogos | C27: São Paulo | D27: Sudeste | E27: 4.9 | F27: 1719 | G27: 5 | H27: 55 | I27: 10 | J27: 21 | K27: 0 | L27: 0 | M27: 10228 | N27: 0 | P27: 684 | Q27: 65145 | R27: 1782 | T27: 14 | U27: 7178 | V27: 222 | W27: 528.57 | X27: 0.00811 | AL27: 32 | AM27: 24 | AN27: 0 | AO27: 0 | AQ27: 0 | AR27: 1 | AS27: 1 | AT27: 1 | AU27: 1 | AV27: 1 | AW27: 0
A28: ChIJrT_EWwBZzpQRGAZzptZbtsY | B28: Cartola Luderia Bar | C28: São Paulo | D28: Sudeste | E28: 4.7 | F28: 242 | G28: 3 | H28: 19.5 | I28: 17 | J28: 23.5 | K28: 0 | L28: 2 | M28: 607 | N28: 0 | P28: 907 | Q28: 11500 | R28: 670 | S28: 2.56 | T28: 21 | U28: 1061 | V28: 24 | W28: 51.67 | X28: 0.00449 | Y28: 50 | AA28: 36 | AB28: 39 | AC28: 58.75 | AD28: 75 | AE28: 78 | AG28: 68 | AJ28: 36 | AL28: 51 | AM28: 38 | AN28: 1 | AO28: 1 | AP28: 0 | AQ28: 0 | AR28: 0 | AS28: 0 | AT28: 1 | AU28: 1 | AV28: 1 | AW28: 0
A29: ChIJbZRHQPRfzpQRz97-ZOg0yXA | B29: Castelos Bar & Boardgames | C29: São Paulo | D29: Sudeste | E29: 4.6 | F29: 617 | G29: 5 | H29: 29 | I29: 14 | J29: 23 | K29: 0 | L29: 1 | M29: 577 | N29: 0 | O29: 0 | P29: 1006 | Q29: 41545 | R29: 1358 | S29: 6.91 | T29: 1 | U29: 20 | V29: 0 | W29: 20 | X29: 0.00048 | Y29: 69 | AA29: 28.4 | AB29: 43.4 | AC29: 55.57 | AD29: 71.8 | AE29: 83.55 | AF29: 43.9 | AG29: 39.9 | AH29: 15 | AI29: 9 | AJ29: 37.9 | AK29: 225 | AL29: 80 | AM29: 48 | AN29: 1 | AO29: 1 | AP29: 0 | AQ29: 0 | AR29: 0 | AS29: 1 | AT29: 1 | AU29: 1 | AV29: 1 | AW29: 1
A30: ChIJF9j3OCRbzpQRkk74_QtOk_0 | B30: Coletivo Geek | C30: São Paulo | D30: Sudeste | E30: 4.7 | F30: 477 | G30: 6 | H30: 47 | I30: 13 | J30: 23 | K30: 0 | L30: 1 | M30: 555 | P30: 494 | Q30: 13059 | R30: 501 | S30: 7.53 | T30: 3 | U30: 159 | V30: 5 | W30: 54.67 | X30: 0.00419 | Y30: 72 | AA30: 28 | AB30: 32 | AC30: 47.75 | AD30: 60 | AE30: 69 | AF30: 28 | AG30: 33 | AH30: 22 | AI30: 8 | AJ30: 30 | AL30: 12 | AM30: 3 | AN30: 1 | AO30: 1 | AP30: 0 | AQ30: 0 | AR30: 1 | AS30: 1 | AT30: 1 | AU30: 1 | AV30: 1 | AW30: 1
A31: ChIJ7_DDAlH1zpQRJVJ0UHnItH8 | B31: Covil Game Bar | C31: São Paulo | D31: Sudeste | E31: 4.6 | F31: 1714 | G31: 5 | H31: 32 | I31: 18 | J31: 25 | K31: 0 | L31: 0 | M31: 7180 | N31: 0 | O31: 0 | P31: 424 | Q31: 206000 | R31: 790 | S31: 9.87 | T31: 13 | U31: 90413 | V31: 949 | W31: 7027.85 | X31: 0.03412 | Y31: 71 | AA31: 18 | AB31: 34 | AC31: 43 | AD31: 52 | AE31: 60 | AF31: 29 | AG31: 50 | AH31: 17 | AI31: 8 | AJ31: 21.5 | AK31: 239 | AL31: 17 | AM31: 6 | AN31: 0 | AO31: 1 | AP31: 0 | AQ31: 0 | AR31: 0 | AS31: 1 | AT31: 1 | AU31: 1 | AV31: 1 | AW31: 1
A32: ChIJiZJ_DnIDz5QRaVafFCXGkUE | B32: Dungeon Games Store | C32: São Paulo | D32: Sudeste | E32: 4.9 | F32: 217 | G32: 5 | H32: 33 | I32: 13 | J32: 22 | K32: 0 | L32: 0 | M32: 16823 | N32: 0 | O32: 0 | P32: 1993 | Q32: 2732 | R32: 270 | S32: 4.93 | T32: 5 | U32: 107 | V32: 46 | W32: 30.6 | X32: 0.0112 | Y32: 42 | AA32: 14 | AB32: 30 | AC32: 35.75 | AD32: 44 | AE32: 52.5 | AF32: 31 | AG32: 30 | AH32: 12 | AI32: 8 | AJ32: 28 | AK32: 90 | AL32: 7 | AM32: 4 | AN32: 0 | AO32: 1 | AP32: 0 | AQ32: 0 | AR32: 0 | AS32: 1 | AT32: 1 | AU32: 1 | AV32: 1 | AW32: 1
A33: ChIJZz29dnVXzpQRvRh7_YKyUN4 | B33: Encounter | Jogos de Tabuleiro | Board Games | C33: São Paulo | D33: Sudeste | E33: 4.8 | F33: 1123 | G33: 6 | H33: 45 | I33: 13 | J33: 25 | K33: 0 | L33: 1 | M33: 687 | N33: 0 | P33: 835 | Q33: 22391 | R33: 1163 | S33: 9.71 | T33: 15 | U33: 1020 | V33: 60 | W33: 72 | X33: 0.00322 | Y33: 22 | AA33: 27.9 | AB33: 39.9 | AC33: 62.8 | AD33: 67.8 | AE33: 76.8 | AF33: 38 | AG33: 24.9 | AL33: 81 | AM33: 62 | AN33: 1 | AO33: 1 | AP33: 0 | AQ33: 0 | AR33: 1 | AS33: 1 | AT33: 1 | AU33: 1 | AV33: 1 | AW33: 1
A34: ChIJ_aN4OAxXzpQR0UH63sAeVCA | B34: Fan Hour Games and Burgers | C34: São Paulo | D34: Sudeste | E34: 4.5 | F34: 2363 | G34: 6 | H34: 36.5 | I34: 13 | J34: 23 | K34: 0 | L34: 2 | M34: 628 | N34: 0 | O34: 0 | P34: 1205 | Q34: 110000 | R34: 1403 | S34: 6.89 | T34: 25 | U34: 3092 | V34: 119 | W34: 128.44 | X34: 0.00117 | AL34: 120 | AM34: 79 | AN34: 1 | AO34: 0 | AQ34: 0 | AR34: 1 | AS34: 1 | AT34: 1 | AU34: 1 | AV34: 1 | AW34: 1
A35: ChIJa3UsDhRczpQRPPSuDl6acO8 | B35: Flow Games - Burgers, Cards & Comunidade | C35: São Paulo | D35: Sudeste | E35: 4.6 | F35: 503 | G35: 5 | H35: 37 | I35: 11 | J35: 22 | K35: 1 | L35: 1 | M35: 435 | N35: 0 | P35: 818 | Q35: 8944 | R35: 1666 | S35: 10.76 | T35: 17 | U35: 393 | V35: 19 | W35: 24.24 | X35: 0.00271 | Y35: 16 | AA35: 6 | AB35: 14 | AC35: 17 | AD35: 20 | AE35: 41.9 | AF35: 12 | AG35: 10 | AH35: 6.5 | AI35: 6 | AL35: 29 | AM35: 16 | AN35: 1 | AO35: 1 | AP35: 0 | AQ35: 0 | AR35: 1 | AS35: 1 | AT35: 1 | AU35: 1 | AV35: 1 | AW35: 0
A36: ChIJn7uU0RNbzpQRI4GI9KHOo_s | B36: Jogasampa | C36: São Paulo | D36: Sudeste | E36: 4.7 | F36: 402 | G36: 6 | H36: 48 | I36: 13 | J36: 21 | K36: 0 | L36: 1 | M36: 587 | P36: 438 | Q36: 5966 | R36: 756 | S36: 9.86 | T36: 8 | U36: 111 | V36: 0 | W36: 13.88 | X36: 0.00233 | AK36: 331 | AL36: 5 | AM36: 3 | AN36: 1 | AO36: 0 | AQ36: 0 | AR36: 1 | AS36: 1 | AT36: 1 | AU36: 1 | AV36: 1 | AW36: 1
A37: ChIJTaG5ALpZzpQRUDErQ-RkfTs | B37: Ludus Luderia | C37: São Paulo | D37: Sudeste | E37: 4.6 | F37: 5137 | G37: 4 | H37: 31 | I37: 13 | J37: 25 | K37: 0 | L37: 3 | M37: 768 | P37: 119 | Q37: 90400 | S37: 4.97 | T37: 12 | U37: 1505 | V37: 92 | W37: 133.08 | X37: 0.00147 | Y37: 161 | Z37: 0 | AA37: 34 | AB37: 48 | AC37: 63 | AD37: 82 | AE37: 92.5 | AF37: 42 | AG37: 48 | AH37: 18.5 | AI37: 9 | AJ37: 36 | AK37: 199 | AL37: 51 | AM37: 28 | AN37: 1 | AO37: 1 | AP37: 1 | AQ37: 0 | AR37: 0 | AS37: 0 | AT37: 1 | AU37: 1 | AV37: 1 | AW37: 1
A38: ChIJE43rt29ZzpQRnvADt6pXfto | B38: OMNIVERSE | C38: São Paulo | D38: Sudeste | E38: 4.8 | F38: 1145 | G38: 5 | H38: 46 | I38: 12 | J38: 24 | K38: 0 | L38: 2 | M38: 820 | N38: 0 | O38: 0 | P38: 1083 | Q38: 8510 | R38: 918 | S38: 13.68 | T38: 8 | U38: 510 | V38: 27 | W38: 67.12 | X38: 0.00789 | AK38: 59 | AL38: 31 | AM38: 18 | AN38: 1 | AO38: 0 | AQ38: 0 | AR38: 0 | AS38: 1 | AT38: 1 | AU38: 1 | AV38: 1 | AW38: 1
A39: ChIJo-6lZMlezpQRmgUpUPfmRIs | B39: Pitta's Board Games | C39: São Paulo | D39: Sudeste | E39: 4.9 | F39: 663 | G39: 6 | H39: 58 | I39: 11 | J39: 22 | K39: 0 | L39: 1 | M39: 566 | N39: 0 | O39: 0 | P39: 1744 | Q39: 23415 | R39: 2269 | S39: 11.21 | T39: 21 | U39: 1389 | V39: 63 | W39: 69.14 | X39: 0.00295 | AK39: 227 | AL39: 14 | AM39: 7 | AN39: 1 | AO39: 0 | AQ39: 0 | AR39: 1 | AS39: 1 | AT39: 1 | AU39: 1 | AV39: 1 | AW39: 1
A40: ChIJkWsGmd1czpQRGLydxc29vbw | B40: Place Games | C40: São Paulo | D40: Sudeste | E40: 4.8 | F40: 572 | G40: 5 | H40: 46 | I40: 10 | J40: 22 | K40: 0 | L40: 0 | M40: 4310 | P40: 251 | Q40: 14021 | R40: 2362 | S40: 10.55 | T40: 23 | U40: 1917 | V40: 148 | W40: 89.78 | X40: 0.0064 | Y40: 57 | AA40: 10.5 | AB40: 29 | AC40: 18.18 | AD40: 39.5 | AE40: 53.5 | AF40: 38.9 | AG40: 33 | AH40: 13 | AI40: 11 | AK40: 633 | AL40: 18 | AM40: 11 | AN40: 0 | AO40: 1 | AP40: 0 | AQ40: 0 | AR40: 0 | AS40: 1 | AT40: 1 | AU40: 1 | AV40: 1 | AW40: 1
A41: ChIJNcHw7jNYzpQRKRHPOrb4jEw | B41: Play Easy | C41: São Paulo | D41: Sudeste | E41: 4.7 | F41: 1002 | G41: 6 | H41: 50 | I41: 12 | J41: 22 | K41: 0 | L41: 3 | M41: 563 | N41: 1 | O41: 2 | P41: 484 | Q41: 21346 | R41: 2996 | S41: 9.33 | T41: 16 | U41: 1381 | V41: 42 | W41: 88.94 | X41: 0.00417 | Y41: 16 | AA41: 7 | AB41: 25 | AC41: 17 | AD41: 32 | AE41: 34.5 | AG41: 16 | AH41: 10 | AI41: 6 | AK41: 438 | AL41: 40 | AM41: 22 | AN41: 1 | AO41: 1 | AP41: 0 | AQ41: 1 | AR41: 1 | AS41: 1 | AT41: 1 | AU41: 1 | AV41: 1 | AW41: 0
A42: ChIJsU5BAwBRzpQRAgLVvqg68os | B42: Tubaleria | C42: São Paulo | D42: Sudeste | E42: 5 | F42: 116 | G42: 5 | H42: 55 | I42: 11 | J42: 23 | K42: 0 | L42: 0 | M42: 1527 | N42: 1 | O42: 2 | P42: 305 | R42: 340 | S42: 1.95 | T42: 20 | U42: 794 | V42: 38 | W42: 41.6 | AK42: 221 | AN42: 0 | AO42: 0 | AQ42: 0 | AR42: 0 | AS42: 1 | AT42: 1 | AU42: 1 | AV42: 1 | AW42: 1
A43: ChIJi5zbZadgzpQRIYeuK_eqQio | B43: XPlace | C43: São Paulo | D43: Sudeste | E43: 4.7 | F43: 795 | G43: 6 | H43: 49 | I43: 11 | J43: 20 | K43: 1 | L43: 1 | M43: 364 | N43: 0 | O43: 0 | P43: 1486 | Q43: 34668 | R43: 5277 | S43: 11.06 | T43: 31 | U43: 4134 | V43: 233 | W43: 140.87 | X43: 0.00406 | AL43: 18 | AM43: 8 | AN43: 1 | AO43: 0 | AQ43: 1 | AR43: 1 | AS43: 1 | AT43: 1 | AU43: 1 | AV43: 1 | AW43: 0
A44: ChIJfyav9YI9uAARjwbBqcRm2_k | B44: Café Geek Cafeteria e Ludoteca | C44: Vitória | D44: Sudeste | E44: 5 | F44: 148 | G44: 4 | H44: 26 | I44: 14 | J44: 23 | K44: 0 | L44: 0 | N44: 0 | P44: 926 | Q44: 12159 | R44: 230 | S44: 5.21 | T44: 3 | U44: 114 | V44: 11 | W44: 41.67 | X44: 0.00343 | Y44: 67 | AA44: 12.5 | AB44: 10 | AC44: 15.75 | AD44: 22.5 | AE44: 30.25 | AG44: 18 | AH44: 12 | AI44: 7 | AL44: 9 | AM44: 5 | AN44: 0 | AO44: 1 | AP44: 0 | AQ44: 0 | AR44: 0 | AS44: 0 | AT44: 1 | AU44: 1 | AV44: 1 | AW44: 1
A45: ChIJ3ekLtDjl3JQRHwtNgmINgLo | B45: Alçapão Jogos | C45: Curitiba | D45: Sul | E45: 5 | F45: 219 | G45: 5 | H45: 36 | I45: 15 | J45: 24 | K45: 0 | L45: 0 | N45: 0 | P45: 770 | Q45: 13883 | R45: 303 | S45: 7.83 | T45: 3 | U45: 67 | V45: 5 | W45: 24 | X45: 0.00173 | Y45: 28 | AA45: 12 | AB45: 12 | AC45: 22 | AD45: 24 | AE45: 34 | AI45: 9 | AK45: 270 | AL45: 20 | AM45: 8 | AN45: 0 | AO45: 1 | AP45: 0 | AQ45: 0 | AR45: 0 | AS45: 1 | AT45: 1 | AU45: 1 | AV45: 1 | AW45: 1
A46: ChIJY_lqHVLl3JQRvDHacOMDKuc | B46: BoardZ Game Pub | C46: Curitiba | D46: Sul | E46: 4.8 | F46: 776 | G46: 6 | H46: 35 | I46: 16 | J46: 24.5 | K46: 0 | L46: 0 | N46: 0 | O46: 0 | P46: 1175 | Q46: 18698 | R46: 491 | S46: 6.66 | T46: 2 | U46: 237 | V46: 22 | W46: 129.5 | X46: 0.00693 | Y46: 103 | AA46: 17.5 | AB46: 30 | AC46: 43 | AD46: 47.5 | AE46: 58 | AF46: 32 | AG46: 32 | AH46: 18 | AI46: 8 | AJ46: 24 | AL46: 37 | AM46: 24 | AN46: 0 | AO46: 1 | AP46: 0 | AQ46: 0 | AR46: 1 | AS46: 1 | AT46: 1 | AU46: 1 | AV46: 1 | AW46: 1
A47: ChIJOczn8z7l3JQRNBEL_ZJ3iQo | B47: Joyjoy Café | C47: Curitiba | D47: Sul | E47: 4.8 | F47: 690 | G47: 6 | H47: 37 | I47: 14 | J47: 23 | K47: 0 | L47: 0 | N47: 0 | O47: 0 | P47: 1152 | Q47: 25555 | R47: 627 | S47: 6.66 | T47: 6 | U47: 1721 | V47: 114 | W47: 305.83 | X47: 0.01197 | AK47: 1010 | AL47: 50 | AM47: 17 | AN47: 0 | AO47: 0 | AQ47: 0 | AR47: 1 | AS47: 1 | AT47: 1 | AU47: 1 | AV47: 1 | AW47: 1
A48: ChIJK5Dhtunj3JQRniPWHB3haDU | B48: Paladino Hobbies | C48: Curitiba | D48: Sul | E48: 4.8 | F48: 188 | G48: 4 | H48: 22 | I48: 12 | J48: 19 | K48: 0 | L48: 0 | P48: 293 | Q48: 1432 | R48: 140 | S48: 6.55 | T48: 1 | U48: 1 | V48: 0 | W48: 1 | X48: 0.0007 | AL48: 2 | AM48: 0 | AN48: 0 | AO48: 0 | AQ48: 0 | AR48: 0 | AS48: 1 | AT48: 1 | AU48: 1 | AV48: 1 | AW48: 0
A49: ChIJc66HomXk3JQRNl28jz_VsPc | B49: Taverna Game House | C49: Curitiba | D49: Sul | E49: 4.8 | F49: 625 | G49: 6 | H49: 48 | I49: 14 | J49: 22 | K49: 0 | L49: 0 | P49: 358 | Q49: 3168 | R49: 1832 | S49: 9.05 | T49: 26 | U49: 611 | V49: 9 | W49: 23.85 | X49: 0.00753 | AL49: 13 | AM49: 5 | AN49: 0 | AO49: 0 | AQ49: 1 | AR49: 1 | AS49: 1 | AT49: 1 | AU49: 1 | AV49: 1 | AW49: 0
A50: ChIJ1wjBJD7k3JQRQi7trfp_0aQ | B50: Vila Celta Hobby Store - Jogos e Café | C50: Curitiba | D50: Sul | E50: 4.8 | F50: 751 | G50: 7 | H50: 73.5 | I50: 10 | J50: 24 | K50: 0 | L50: 0 | N50: 0 | O50: 1 | P50: 590 | Q50: 11711 | R50: 566 | S50: 9.89 | T50: 2 | U50: 69 | V50: 7 | W50: 38 | X50: 0.00324 | AL50: 13 | AM50: 8 | AN50: 0 | AO50: 0 | AQ50: 1 | AR50: 1 | AS50: 1 | AT50: 1 | AU50: 1 | AV50: 1 | AW50: 1
A51: ChIJawIVeV0JM0oR5BtnD_poQeA | B51: CCG Floripa | C51: Florianópolis | D51: Sul | E51: 4.8 | F51: 194 | G51: 5 | H51: 42 | I51: 13 | J51: 23 | K51: 0 | L51: 0 | N51: 0 | O51: 0 | P51: 294 | Q51: 11321 | R51: 446 | S51: 5.13 | T51: 2 | U51: 668 | V51: 21 | W51: 344.5 | X51: 0.03043 | AL51: 11 | AM51: 5 | AN51: 0 | AO51: 0 | AQ51: 0 | AR51: 1 | AS51: 1 | AT51: 1 | AU51: 1 | AV51: 1 | AW51: 0
A52: ChIJc3F7ka83J5URQZ1XTl-_iak | B52: Chef on Play | C52: Florianópolis | D52: Sul | E52: 4.6 | F52: 1204 | G52: 7 | H52: 35.5 | I52: 18.5 | J52: 24 | K52: 0 | L52: 0 | N52: 0 | P52: 834 | Q52: 10739 | R52: 517 | S52: 10.9 | T52: 0 | U52: 0 | V52: 0 | Y52: 100 | AA52: 6.8 | AB52: 25.9 | AC52: 28.4 | AD52: 32.7 | AE52: 37.6 | AF52: 25.9 | AI52: 6.5 | AK52: 245 | AL52: 15 | AM52: 12 | AN52: 0 | AO52: 1 | AP52: 0 | AQ52: 1 | AR52: 1 | AS52: 1 | AT52: 1 | AU52: 1 | AV52: 1 | AW52: 1
A53: ChIJJz8-gcY3J5URYdZrEXdHaAk | B53: Cineplay- Restaurante e Jogos | C53: Florianópolis | D53: Sul | E53: 4.5 | F53: 1154 | G53: 7 | H53: 43 | I53: 11 | J53: 24 | K53: 0 | L53: 0 | N53: 0 | O53: 0 | P53: 1681 | Q53: 87929 | R53: 1689 | S53: 8.36 | T53: 25 | U53: 4695 | V53: 362 | W53: 202.28 | X53: 0.0023 | Y53: 137 | AA53: 17.9 | AB53: 30.9 | AC53: 34.9 | AD53: 48.8 | AE53: 67.67 | AF53: 29.9 | AG53: 29.2 | AH53: 17 | AI53: 6.75 | AJ53: 20.9 | AL53: 48 | AM53: 23 | AN53: 0 | AO53: 1 | AP53: 0 | AQ53: 1 | AR53: 1 | AS53: 1 | AT53: 1 | AU53: 1 | AV53: 1 | AW53: 1
A54: ChIJHSDPTgF5GZURKmSqKITyoGM | B54: Arcadea Gaming Pub | C54: Porto Alegre | D54: Sul | E54: 4.2 | F54: 1087 | G54: 7 | H54: 42 | I54: 17 | J54: 24 | K54: 0 | L54: 0 | M54: 1300 | N54: 0 | P54: 591 | Q54: 45836 | R54: 2009 | S54: 7.1 | T54: 29 | U54: 1106 | V54: 12 | W54: 38.55 | X54: 0.00084 | Y54: 95 | AA54: 25 | AB54: 40 | AC54: 52.75 | AD54: 65 | AE54: 84 | AF54: 45 | AG54: 28 | AH54: 19 | AI54: 8 | AJ54: 29 | AL54: 19 | AM54: 11 | AN54: 0 | AO54: 1 | AP54: 0 | AQ54: 1 | AR54: 1 | AS54: 1 | AT54: 1 | AU54: 1 | AV54: 1 | AW54: 1
A55: ChIJ41pgHNFDGZURC7yTegyn7nU | B55: Toca do Rato - Pizzaria e Jogos de Tabuleiro | C55: Porto Alegre | D55: Sul | E55: 4.8 | F55: 138 | G55: 6 | H55: 26.5 | I55: 18 | J55: 23 | K55: 0 | L55: 0 | M55: 15504 | N55: 0 | P55: 583 | S55: 3.25 | T55: 9 | U55: 309 | V55: 17 | W55: 36.22 | Y55: 25 | AA55: 7.5 | AB55: 64.45 | AC55: 64.67 | AD55: 71.95 | AE55: 81.5 | AI55: 7.5 | AK55: 287 | AN55: 0 | AO55: 1 | AP55: 0 | AQ55: 1 | AR55: 1 | AS55: 1 | AT55: 1 | AU55: 1 | AV55: 1 | AW55: 0
