Workbook

Sheet Instruções
A1: Sorteio das visitas da contagem direta de ocupação (Bloco D)
A3: Como usar
A4: 1. Na aba Parâmetros, preencha as células amarelas com o nome das duas unidades da São Jogue.
A5: 2. Nas abas Dias e horas e Retorno, marque "não" nas colunas amarelas de cada unidade para os dias e horas em que ela não abre. Faça isso ANTES de abrir a aba Sorteio: mudar a lista depois de ver o resultado invalida o sorteio.
A6: 3. A aba Sorteio mostra as 2 visitas sorteadas e as 2 de retorno.
A7: 4. Registre o resultado final: copie a aba Sorteio e cole como valores na aba Registro, com a data do sorteio.
A9: Regras do sorteio
A10: • 4 visitas no total, 2 por unidade: 1 sorteada e 1 de retorno.
A11: • Visitas sorteadas entre 02/10 e 04/10/2026. Cada combinação de dia e hora de início (12h00 a 19h00, de hora em hora) é uma possibilidade. As duas unidades ficam em dias diferentes.
A12: • Um número sorteado define qual unidade escolhe primeiro. Cada unidade fica com a combinação aberta de menor número aleatório; a segunda unidade não pode ficar no mesmo dia da primeira.
A13: • Visita de retorno: 15 dias depois da sorteada, na mesma unidade e na mesma hora de início (17/10 a 19/10/2026). Se a unidade estiver fechada, a visita passa ao dia seguinte de funcionamento.
A14: • Em cada visita, registrar o número da NFC-e no início e no fim, e o horário de início e de fim. A diferença entre os números da visita sorteada e da de retorno dá as notas emitidas no intervalo.
... A21: Fonte das datas de pagamento: Governo da Bahia, Tabela de Pagamentos 2026 dos servidores estaduais (servidores.rhbahia.ba.gov.br/tabela-de-pagamentos-2026), consultada em 17/09/2026. Setembro: ativos 30/09, inativos e pensionistas 29/09. Outubro: ativos 30/10, inativos e pensionistas 29/10.

Sheet Parâmetros
A1: Parâmetros do sorteio
A3: Parâmetro | B3: Valor | C3: Observação
A4: Nome da unidade 1 | B4: Unidade 1 | C4: Preencher
A5: Nome da unidade 2 | B5: Unidade 2 | C5: Preencher
A6: Primeiro dia das visitas sorteadas | B6: 46297 | C6: Sexta-feira
A7: Último dia das visitas sorteadas | B7: 46299 | C7: Domingo
A8: Semente dos números aleatórios | B8: 20260916 | C8: Mesma do registro prévio
A9: Número sorteado para as unidades | B9: 0.66249419 | C9: < 0,5: unidade 1 escolhe primeiro; ≥ 0,5: unidade 2
A10: Dias até a visita de retorno | B10: 15 | C10: Contados a partir da visita sorteada

Sheet Dias e horas
A1: Combinações de dia e hora de início das visitas sorteadas
A2: Número aleatório | B2: Data | C2: Dia da semana | D2: Hora de início | E2: Unidade 1 aberta? | F2: Unidade 2 aberta?
A3: 0.68252559 | B3: 46297 | C3: =CHOOSE(WEEKDAY(B3,2),"segunda","terça","quarta","quinta","sexta","sábado","domingo") | D3: 12h00 | E3: sim | F3: sim
A4: 0.94204564 | B4: 46297 | C4: =CHOOSE(WEEKDAY(B4,2),"segunda","terça","quarta","quinta","sexta","sábado","domingo") | D4: 13h00 | E4: sim | F4: sim
A5: 0.87015142 | B5: 46297 | C5: =CHOOSE(WEEKDAY(B5,2),"segunda","terça","quarta","quinta","sexta","sábado","domingo") | D5: 14h00 | E5: sim | F5: sim
A6: 0.10854089 | B6: 46297 | C6: =CHOOSE(WEEKDAY(B6,2),"segunda","terça","quarta","quinta","sexta","sábado","domingo") | D6: 15h00 | E6: sim | F6: sim
A7: 0.5044518 | B7: 46297 | C7: =CHOOSE(WEEKDAY(B7,2),"segunda","terça","quarta","quinta","sexta","sábado","domingo") | D7: 16h00 | E7: sim | F7: sim
A8: 0.86630275 | B8: 46297 | C8: =CHOOSE(WEEKDAY(B8,2),"segunda","terça","quarta","quinta","sexta","sábado","domingo") | D8: 17h00 | E8: sim | F8: sim
A9: 0.58993722 | B9: 46297 | C9: =CHOOSE(WEEKDAY(B9,2),"segunda","terça","quarta","quinta","sexta","sábado","domingo") | D9: 18h00 | E9: sim | F9: sim
A10: 0.66187683 | B10: 46297 | C10: =CHOOSE(WEEKDAY(B10,2),"segunda","terça","quarta","quinta","sexta","sábado","domingo") | D10: 19h00 | E10: sim | F10: sim
A11: 0.60309385 | B11: 46298 | C11: =CHOOSE(WEEKDAY(B11,2),"segunda","terça","quarta","quinta","sexta","sábado","domingo") | D11: 12h00 | E11: sim | F11: sim
A12: 0.7351311 | B12: 46298 | C12: =CHOOSE(WEEKDAY(B12,2),"segunda","terça","quarta","quinta","sexta","sábado","domingo") | D12: 13h00 | E12: sim | F12: sim
A13: 0.61258268 | B13: 46298 | C13: =CHOOSE(WEEKDAY(B13,2),"segunda","terça","quarta","quinta","sexta","sábado","domingo") | D13: 14h00 | E13: sim | F13: sim
A14: 0.24308363 | B14: 46298 | C14: =CHOOSE(WEEKDAY(B14,2),"segunda","terça","quarta","quinta","sexta","sábado","domingo") | D14: 15h00 | E14: sim | F14: sim
... A26: 0.47642148 | B26: 46299 | C26: =CHOOSE(WEEKDAY(B26,2),"segunda","terça","quarta","quinta","sexta","sábado","domingo") | D26: 19h00 | E26: sim | F26: sim

Sheet Retorno
A1: Dias possíveis para as visitas de retorno
A2: Data | B2: Dia da semana | C2: Unidade 1 aberta? | D2: Unidade 2 aberta?
A3: 46312 | B3: =CHOOSE(WEEKDAY(A3,2),"segunda","terça","quarta","quinta","sexta","sábado","domingo") | C3: sim | D3: sim
A4: 46313 | B4: =CHOOSE(WEEKDAY(A4,2),"segunda","terça","quarta","quinta","sexta","sábado","domingo") | C4: sim | D4: sim
A5: 46314 | B5: =CHOOSE(WEEKDAY(A5,2),"segunda","terça","quarta","quinta","sexta","sábado","domingo") | C5: sim | D5: sim
A6: 46315 | B6: =CHOOSE(WEEKDAY(A6,2),"segunda","terça","quarta","quinta","sexta","sábado","domingo") | C6: sim | D6: sim
A7: 46316 | B7: =CHOOSE(WEEKDAY(A7,2),"segunda","terça","quarta","quinta","sexta","sábado","domingo") | C7: sim | D7: sim
A8: 46317 | B8: =CHOOSE(WEEKDAY(A8,2),"segunda","terça","quarta","quinta","sexta","sábado","domingo") | C8: sim | D8: sim
A9: 46318 | B9: =CHOOSE(WEEKDAY(A9,2),"segunda","terça","quarta","quinta","sexta","sábado","domingo") | C9: sim | D9: sim

Sheet Sorteio
A1: Resultado do sorteio: 2 visitas sorteadas e 2 de retorno
A2: Visita | B2: Tipo de visita | C2: Unidade | D2: Data | E2: Dia da semana | F2: Hora de início | G2: Número aleatório
A3: 1 | B3: Sorteada | C3: =IF(Parâmetros!$B$9<0.5,Parâmetros!$B$4,Parâmetros!$B$5) | D3: =IFERROR(INDEX('Dias e horas'!$B$3:$B$26,MATCH(G3,'Dias e horas'!$A$3:$A$26,0)),"sem combinação") | E3: =IFERROR(CHOOSE(WEEKDAY(D3,2),"segunda","terça","quarta","quinta","sexta","sábado","domingo"),"") | F3: =IFERROR(INDEX('Dias e horas'!$D$3:$D$26,MATCH(G3,'Dias e horas'!$A$3:$A$26,0)),"") | G3: =IF(C3=Parâmetros!$B$4,_xlfn.MINIFS('Dias e horas'!$A$3:$A$26,'Dias e horas'!$E$3:$E$26,"sim"),_xlfn.MINIFS('Dias e horas'!$A$3:$A$26,'Dias e horas'!$F$3:$F$26,"sim"))
A4: 2 | B4: Sorteada | C4: =IF(Parâmetros!$B$9<0.5,Parâmetros!$B$5,Parâmetros!$B$4) | D4: =IFERROR(INDEX('Dias e horas'!$B$3:$B$26,MATCH(G4,'Dias e horas'!$A$3:$A$26,0)),"sem combinação") | E4: =IFERROR(CHOOSE(WEEKDAY(D4,2),"segunda","terça","quarta","quinta","sexta","sábado","domingo"),"") | F4: =IFERROR(INDEX('Dias e horas'!$D$3:$D$26,MATCH(G4,'Dias e horas'!$A$3:$A$26,0)),"") | G4: =IF(C4=Parâmetros!$B$4,_xlfn.MINIFS('Dias e horas'!$A$3:$A$26,'Dias e horas'!$E$3:$E$26,"sim",'Dias e horas'!$B$3:$B$26,"<>"&D3),_xlfn.MINIFS('Dias e horas'!$A$3:$A$26,'Dias e horas'!$F$3:$F$26,"sim",'Dias e horas'!$B$3:$B$26,"<>"&D3))
A5: 3 | B5: Retorno da visita 1 | C5: =C3 | D5: =IFERROR(INDEX(Retorno!$A$3:$A$9,MATCH(1,INDEX((Retorno!$A$3:$A$9>=(D3+Parâmetros!$B$10))*((C5=Parâmetros!$B$4)*(Retorno!$C$3:$C$9="sim")+(C5<>Parâmetros!$B$4)*(Retorno!$D$3:$D$9="sim")),0),0)),"sem dia de retorno") | E5: =IFERROR(CHOOSE(WEEKDAY(D5,2),"segunda","terça","quarta","quinta","sexta","sábado","domingo"),"") | F5: =F3
A6: 4 | B6: Retorno da visita 2 | C6: =C4 | D6: =IFERROR(INDEX(Retorno!$A$3:$A$9,MATCH(1,INDEX((Retorno!$A$3:$A$9>=(D4+Parâmetros!$B$10))*((C6=Parâmetros!$B$4)*(Retorno!$C$3:$C$9="sim")+(C6<>Parâmetros!$B$4)*(Retorno!$D$3:$D$9="sim")),0),0)),"sem dia de retorno") | E6: =IFERROR(CHOOSE(WEEKDAY(D6,2),"segunda","terça","quarta","quinta","sexta","sábado","domingo"),"") | F6: =F4
A8: Conferência
A9: Visitas por unidade (deve dar 2 e 2): | D9: =Parâmetros!$B$4&": "&COUNTIF($C$3:$C$6,Parâmetros!$B$4)&" | "&Parâmetros!$B$5&": "&COUNTIF($C$3:$C$6,Parâmetros!$B$5)
A10: Visitas sorteadas em dias diferentes: | D10: =IF(AND(ISNUMBER(D3),ISNUMBER(D4),D3<>D4),"sim","não")

Sheet Registro
A1: Registro do sorteio e das visitas (colar o sorteio como valores)
A2: Data do sorteio:
A4: Visita | B4: Tipo de visita | C4: Unidade | D4: Data | E4: Dia da semana | F4: Hora de início prevista | G4: Início | H4: Fim | I4: Nº NFC-e no início | J4: Nº NFC-e no fim | K4: Realizada? (sim/não) | L4: Observação
