Workbook

Sheet Instruções
A1: Sorteio das visitas da contagem direta de ocupação (Bloco D)
A3: Como usar
A4: 1. Na aba Parâmetros, preencha as células amarelas com o nome das duas unidades da São Jogue.
A5: 2. Na aba Horas, marque "não" nas colunas amarelas de cada unidade para as horas de início em que ela não fica aberta pelas 3 horas seguintes. Na aba Retorno, marque "não" para os dias em que ela não abre. Faça isso ANTES de abrir a aba Sorteio: mudar a lista depois de ver o resultado invalida o sorteio.
A6: 3. A aba Sorteio mostra as 2 visitas sorteadas e as 2 de retorno.
A7: 4. Registre o resultado final: copie a aba Sorteio e cole como valores na aba Registro, com a data do sorteio.
A9: Regras do sorteio
A10: • 4 visitas no total, 2 por unidade: 1 sorteada e 1 de retorno.
A11: • Visitas sorteadas no sábado, 03/10/2026, as duas unidades no mesmo dia. Só a hora de início é sorteada (12h00 a 19h00, de hora em hora).
A12: • Duração fixa de 3 horas. As horas de início das duas unidades distam no mínimo 2 horas.
A13: • Um número sorteado define qual unidade escolhe primeiro. A primeira fica com a hora aberta de menor número aleatório; a segunda, com a hora aberta de menor número aleatório que respeite a distância mínima.
A14: • Visita de retorno: 15 dias depois, no domingo, 18/10/2026, na mesma unidade e na mesma hora de início. Se a unidade estiver fechada, a visita passa ao dia seguinte de funcionamento.
... A22: Fonte das datas de pagamento: Governo da Bahia, Tabela de Pagamentos 2026 dos servidores estaduais (servidores.rhbahia.ba.gov.br/tabela-de-pagamentos-2026), consultada em 17/09/2026. Setembro: ativos 30/09, inativos e pensionistas 29/09. Outubro: ativos 30/10, inativos e pensionistas 29/10.

Sheet Parâmetros
A1: Parâmetros do sorteio
A3: Parâmetro | B3: Valor | C3: Observação
A4: Nome da unidade 1 | B4: Unidade 1 | C4: Preencher
A5: Nome da unidade 2 | B5: Unidade 2 | C5: Preencher
A6: Dia das visitas sorteadas | B6: 46298 | C6: Sábado
A7: Duração de cada visita (horas) | B7: 3 | C7: Fixa
A8: Semente dos números aleatórios | B8: 20260916 | C8: Mesma do registro prévio
A9: Número sorteado para as unidades | B9: 0.66249419 | C9: < 0,5: unidade 1 escolhe primeiro; ≥ 0,5: unidade 2
A10: Dias até a visita de retorno | B10: 15 | C10: Contados a partir da visita sorteada
A11: Distância mínima entre as horas de início (horas) | B11: 2 | C11: Entre as duas unidades

Sheet Horas
A1: Horas de início possíveis das visitas sorteadas (03/10/2026)
A2: Número aleatório | B2: Hora | C2: Hora de início | D2: Unidade 1 aberta por 3 h? | E2: Unidade 2 aberta por 3 h?
A3: 0.68252559 | B3: 12 | C3: 12h00 | D3: sim | E3: sim
A4: 0.94204564 | B4: 13 | C4: 13h00 | D4: sim | E4: sim
A5: 0.87015142 | B5: 14 | C5: 14h00 | D5: sim | E5: sim
A6: 0.10854089 | B6: 15 | C6: 15h00 | D6: sim | E6: sim
A7: 0.5044518 | B7: 16 | C7: 16h00 | D7: sim | E7: sim
A8: 0.86630275 | B8: 17 | C8: 17h00 | D8: sim | E8: sim
A9: 0.58993722 | B9: 18 | C9: 18h00 | D9: sim | E9: sim
A10: 0.66187683 | B10: 19 | C10: 19h00 | D10: sim | E10: sim

Sheet Retorno
A1: Dias possíveis para as visitas de retorno
A2: Data | B2: Dia da semana | C2: Unidade 1 aberta? | D2: Unidade 2 aberta?
A3: 46313 | B3: =CHOOSE(WEEKDAY(A3,2),"segunda","terça","quarta","quinta","sexta","sábado","domingo") | C3: sim | D3: sim
A4: 46314 | B4: =CHOOSE(WEEKDAY(A4,2),"segunda","terça","quarta","quinta","sexta","sábado","domingo") | C4: sim | D4: sim
A5: 46315 | B5: =CHOOSE(WEEKDAY(A5,2),"segunda","terça","quarta","quinta","sexta","sábado","domingo") | C5: sim | D5: sim

Sheet Sorteio
A1: Resultado do sorteio: 2 visitas sorteadas e 2 de retorno
A2: Visita | B2: Tipo de visita | C2: Unidade | D2: Data | E2: Dia da semana | F2: Hora de início | G2: Número aleatório | H2: Hora
A3: 1 | B3: Sorteada | C3: =IF(Parâmetros!$B$9<0.5,Parâmetros!$B$4,Parâmetros!$B$5) | D3: =Parâmetros!$B$6 | E3: =IFERROR(CHOOSE(WEEKDAY(D3,2),"segunda","terça","quarta","quinta","sexta","sábado","domingo"),"") | F3: =IFERROR(INDEX(Horas!$C$3:$C$10,MATCH(G3,Horas!$A$3:$A$10,0)),"sem hora válida") | G3: =IF(C3=Parâmetros!$B$4,_xlfn.MINIFS(Horas!$A$3:$A$10,Horas!$D$3:$D$10,"sim"),_xlfn.MINIFS(Horas!$A$3:$A$10,Horas!$E$3:$E$10,"sim")) | H3: =IFERROR(INDEX(Horas!$B$3:$B$10,MATCH(G3,Horas!$A$3:$A$10,0)),"")
A4: 2 | B4: Sorteada | C4: =IF(Parâmetros!$B$9<0.5,Parâmetros!$B$5,Parâmetros!$B$4) | D4: =Parâmetros!$B$6 | E4: =IFERROR(CHOOSE(WEEKDAY(D4,2),"segunda","terça","quarta","quinta","sexta","sábado","domingo"),"") | F4: =IFERROR(INDEX(Horas!$C$3:$C$10,MATCH(G4,Horas!$A$3:$A$10,0)),"sem hora válida") | G4: =MIN(IF(_xlfn.MINIFS(Horas!$A$3:$A$10,IF(C4=Parâmetros!$B$4,Horas!$D$3:$D$10,Horas!$E$3:$E$10),"sim",Horas!$B$3:$B$10,"<="&(H3-Parâmetros!$B$11))=0,9,_xlfn.MINIFS(Horas!$A$3:$A$10,IF(C4=Parâmetros!$B$4,Horas!$D$3:$D$10,Horas!$E$3:$E$10),"sim",Horas!$B$3:$B$10,"<="&(H3-Parâmetros!$B$11))),IF(_xlfn.MINIFS(Horas!$A$3:$A$10,IF(C4=Parâmetros!$B$4,Horas!$D$3:$D$10,Horas!$E$3:$E$10),"sim",Horas!$B$3:$B$10,">="&(H3+Parâmetros!$B$11))=0,9,_xlfn.MINIFS(Horas!$A$3:$A$10,IF(C4=Parâmetros!$B$4,Horas!$D$3:$D$10,Horas!$E$3:$E$10),"sim",Horas!$B$3:$B$10,">="&(H3+Parâmetros!$B$11)))) | H4: =IFERROR(INDEX(Horas!$B$3:$B$10,MATCH(G4,Horas!$A$3:$A$10,0)),"")
A5: 3 | B5: Retorno da visita 1 | C5: =C3 | D5: =IFERROR(INDEX(Retorno!$A$3:$A$5,MATCH(1,INDEX((Retorno!$A$3:$A$5>=(D3+Parâmetros!$B$10))*((C5=Parâmetros!$B$4)*(Retorno!$C$3:$C$5="sim")+(C5<>Parâmetros!$B$4)*(Retorno!$D$3:$D$5="sim")),0),0)),"sem dia de retorno") | E5: =IFERROR(CHOOSE(WEEKDAY(D5,2),"segunda","terça","quarta","quinta","sexta","sábado","domingo"),"") | F5: =F3 | H5: =H3
A6: 4 | B6: Retorno da visita 2 | C6: =C4 | D6: =IFERROR(INDEX(Retorno!$A$3:$A$5,MATCH(1,INDEX((Retorno!$A$3:$A$5>=(D4+Parâmetros!$B$10))*((C6=Parâmetros!$B$4)*(Retorno!$C$3:$C$5="sim")+(C6<>Parâmetros!$B$4)*(Retorno!$D$3:$D$5="sim")),0),0)),"sem dia de retorno") | E6: =IFERROR(CHOOSE(WEEKDAY(D6,2),"segunda","terça","quarta","quinta","sexta","sábado","domingo"),"") | F6: =F4 | H6: =H4
A8: Conferência
A9: Visitas por unidade (deve dar 2 e 2): | D9: =Parâmetros!$B$4&": "&COUNTIF($C$3:$C$6,Parâmetros!$B$4)&" | "&Parâmetros!$B$5&": "&COUNTIF($C$3:$C$6,Parâmetros!$B$5)
A10: Horas de início com a distância mínima: | D10: =IF(AND(ISNUMBER(H3),ISNUMBER(H4)),IF(ABS(H3-H4)>=Parâmetros!$B$11,"sim","não"),"não")

Sheet Registro
A1: Registro do sorteio e das visitas (colar o sorteio como valores)
A2: Data do sorteio:
A4: Visita | B4: Tipo de visita | C4: Unidade | D4: Data | E4: Dia da semana | F4: Hora de início prevista | G4: Início | H4: Fim | I4: Nº NFC-e no início | J4: Nº NFC-e no fim | K4: Realizada? (sim/não) | L4: Observação
